URL,Source,Brand
https://www.amazon.sg/Brother-DCP-T226-All-One-Refillable/dp/B0B38N9YZS/ref=sr_1_5,amazon,Brother
https://www.amazon.sg/Brother-DCP-L3560CDW-Multi-Function-Printer/dp/B0CV7FTFJY/ref=sr_1_6,amazon,Brother
https://www.amazon.sg/Brother-DCP-L2640DW-Multi-Function-Printer/dp/B0CV3VZVRL/ref=sr_1_2,amazon,Brother
https://www.amazon.sg/Brother-HL-L3280CDW-Single-Function-Printer/dp/B0CJT1GLY5/ref=sr_1_10,amazon,Brother
https://www.amazon.sg/Brother-Touchscreen-Automatic-Subscription-MFC-J1410DW/dp/B0FGC8KYP7/ref=sr_1_7,amazon,Brother
https://www.amazon.sg/Brother-DCP-1610W-All-One-Monochrome/dp/B017BKW7TS/ref=sr_1_3,amazon,Brother
https://www.amazon.sg/Brother-DCP-L2680DW-Multi-Function-Printer/dp/B0CV4XFGGZ/ref=sr_1_8,amazon,Brother
https://www.amazon.sg/Brother-L2885DW-Multi-Function-Printer/dp/B0CV4Y9H5G/ref=sr_1_9,amazon,Brother
https://www.amazon.sg/Brother-HL-L2460DW-Single-Function-Printer/dp/B0CV4YX3P3/ref=sr_1_1,amazon,Brother
https://www.amazon.sg/Brother-HL-1210W-Monochrome-Printer-Print/dp/B018QG3YPM/ref=sr_1_4,amazon,Brother
https://www.lazada.sg/products/pdp-i2660187321.html,lazada,Brother
https://www.lazada.sg/products/pdp-i3025101785.html,lazada,Brother
https://www.lazada.sg/products/pdp-i288501672.html,lazada,Brother
https://www.lazada.sg/products/pdp-i100378525.html,lazada,Brother
https://www.lazada.sg/products/pdp-i107715055.html,lazada,Brother
https://www.lazada.sg/products/pdp-i2660240093.html,lazada,Brother
https://www.lazada.sg/products/pdp-i3577168384.html,lazada,Brother
https://www.lazada.sg/products/pdp-i460080844.html,lazada,Brother
https://www.lazada.sg/products/pdp-i3002816380.html,lazada,Brother
https://www.lazada.sg/products/pdp-i3576984772.html,lazada,Brother
https://www.ebay.com/itm/305664736852,ebay,Brother
https://www.ebay.com/itm/226999574694,ebay,Brother
https://www.ebay.com/itm/177468685578,ebay,Brother
https://www.ebay.com/itm/304679674263,ebay,Brother
https://www.ebay.com/itm/176931517545,ebay,Brother
https://www.ebay.com/itm/277517759305,ebay,Brother
https://www.ebay.com/itm/395263176445,ebay,Brother
https://www.ebay.com/itm/177437235747,ebay,Brother
https://www.ebay.com/itm/305280607547,ebay,Brother
https://ebay.com/itm/123456,ebay,Brother
https://www.amazon.sg/Canon-imageCLASS-MF643Cdw-All-One/dp/B07XT6PJ4G/ref=sr_1_9,amazon,Canon
https://www.amazon.sg/Canon-Wireless-Portable-Printer-50-Sheet/dp/B0F1Z1VLV6/ref=sr_1_4,amazon,Canon
https://www.amazon.sg/Canon-PIXMA-E410-All-One/dp/B0711TGQ7P/ref=sr_1_6,amazon,Canon
https://www.amazon.sg/Canon-PIXMA-E470-All-One/dp/B0B3Q57S9W/ref=sr_1_5,amazon,Canon
https://www.amazon.sg/Canon-TS4320-Wireless-Printer-Printing/dp/B0FMBGXC2C/ref=sr_1_2,amazon,Canon
https://www.amazon.sg/Canon-PIXMA-G3770-Refillable-Printer/dp/B0BPX1GNSM/ref=sr_1_7,amazon,Canon
https://www.amazon.sg/Canon-Printing-Postcard-Wireless-Sublimation/dp/B0BBMX16RG/ref=sr_1_10,amazon,Canon
https://www.amazon.sg/Canon-PIXMA-MG3670-All-One/dp/B071Z9N5SW/ref=sr_1_3,amazon,Canon
https://www.amazon.sg/Canon-TR7120-Wireless-Printer-Printing/dp/B0FMB4JBJ8/ref=sr_1_1,amazon,Canon
https://www.amazon.sg/TS702a-Compact-Connected-Inkjet-Printer/dp/B09TG8F4YS/ref=sr_1_8,amazon,Canon
https://www.lazada.sg/products/pdp-i3570712634.html,lazada,Canon
https://www.lazada.sg/products/pdp-i3577334048.html,lazada,Canon
https://www.lazada.sg/products/pdp-i2095255452.html,lazada,Canon
https://www.lazada.sg/products/pdp-i588286922.html,lazada,Canon
https://www.lazada.sg/products/pdp-i3158613004.html,lazada,Canon
https://www.lazada.sg/products/pdp-i2658714060.html,lazada,Canon
https://www.lazada.sg/products/pdp-i1238200036.html,lazada,Canon
https://www.lazada.sg/products/pdp-i604024841.html,lazada,Canon
https://www.lazada.sg/products/pdp-i3548328815.html,lazada,Canon
https://www.lazada.sg/products/pdp-i310580524.html,lazada,Canon
https://www.ebay.com/itm/256860265507,ebay,Canon
https://www.ebay.com/itm/116868747549,ebay,Canon
https://www.ebay.com/itm/267474827759,ebay,Canon
https://www.ebay.com/itm/257185160029,ebay,Canon
https://www.ebay.com/itm/326841744317,ebay,Canon
https://www.ebay.com/itm/157488130933,ebay,Canon
https://www.ebay.com/itm/163955007708,ebay,Canon
https://www.ebay.com/itm/236466944877,ebay,Canon
https://ebay.com/itm/123456,ebay,Canon
https://www.ebay.com/itm/162972555524,ebay,Canon
https://www.amazon.sg/Epson-EcoTank-L6270-All-One/dp/B09T3QCLQG/ref=sr_1_13,amazon,Epson
https://www.amazon.sg/Epson-EcoTank-L4260-All-One/dp/B09T3Q76YZ/ref=sr_1_8,amazon,Epson
https://www.amazon.sg/Epson-EcoTank-L3250-All-One/dp/B09T3Q54YH/ref=sr_1_5,amazon,Epson
https://www.amazon.sg/Epson-C11CK59507-EPSON-ECOTANK-L3556/dp/B0D3GVLP53/ref=sr_1_10,amazon,Epson
https://www.amazon.sg/Epson-EcoTank-L1250-Printer-Direct/dp/B0B4PF7P69/ref=sr_1_14,amazon,Epson
https://www.amazon.sg/Epson-C11CK37501-EPSON-EcoTank-L8050/dp/B0CFXVFNV4/ref=sr_1_11,amazon,Epson
https://www.amazon.sg/Epson-EcoTank-L5296-All-One/dp/B09XBJVMCG/ref=sr_1_9,amazon,Epson
https://www.amazon.sg/Epson-EcoTank-L3210-All-One/dp/B0B4Q5S8VG/ref=sr_1_7,amazon,Epson
https://www.amazon.sg/Epson-C11CK59501-EPSON-ECOTANK-L3550/dp/B0CFXVKDKX/ref=sr_1_12,amazon,Epson
https://www.amazon.sg/Epson-EcoTank-L3256-All-One/dp/B09XBKZRCH/ref=sr_1_6,amazon,Epson
https://www.lazada.sg/products/pdp-i3209211014.html,lazada,Epson
https://www.lazada.sg/products/pdp-i3576382704.html,lazada,Epson
https://www.lazada.sg/products/pdp-i1953461634.html,lazada,Epson
https://www.lazada.sg/products/pdp-i1952921979.html,lazada,Epson
https://www.lazada.sg/products/pdp-i367544342.html,lazada,Epson
https://www.lazada.sg/products/pdp-i1555038041.html,lazada,Epson
https://www.lazada.sg/products/pdp-i3190038009.html,lazada,Epson
https://www.lazada.sg/products/pdp-i3453171018.html,lazada,Epson
https://www.lazada.sg/products/pdp-i1953813136.html,lazada,Epson
https://www.lazada.sg/products/pdp-i3499027112.html,lazada,Epson
https://www.ebay.com/itm/265836043650,ebay,Epson
https://www.ebay.com/itm/176784135909,ebay,Epson
https://www.ebay.com/itm/177375608537,ebay,Epson
https://www.ebay.com/itm/197745389323,ebay,Epson
https://www.ebay.com/itm/196416401890,ebay,Epson
https://www.ebay.com/itm/205724255060,ebay,Epson
https://www.ebay.com/itm/334873663161,ebay,Epson
https://www.ebay.com/itm/204434537600,ebay,Epson
https://www.ebay.com/itm/176873979538,ebay,Epson
https://ebay.com/itm/123456,ebay,Epson
https://www.amazon.sg/HP-LaserJet-M111w-Monochrome-Bluetooth/dp/B09R255LSH/ref=sr_1_2,amazon,HP
https://www.amazon.sg/Launch-HP-DeskJet-2821eAll-Printer/dp/B0CFFWJHMF/ref=sr_1_1,amazon,HP
https://www.amazon.sg/HP-Smart-Tank-All-One/dp/B0C4SXW32B/ref=sr_1_3,amazon,HP
https://www.amazon.sg/HP-OfficeJet-Pro-8020e-All/dp/B0B5LXHD66/ref=sr_1_4,amazon,HP
https://www.amazon.sg/HP-6055e-Wireless-Printer-Renewed/dp/B0BMJDF212/ref=sr_1_5,amazon,HP
https://www.amazon.sg/HP-Envy-6130e-Wireless-Multifunction/dp/B0F483PGKT/ref=sr_1_10,amazon,HP
https://www.amazon.sg/HP-Smart-Tank-All-One/dp/B0C32ZWDXT/ref=sr_1_6,amazon,HP
https://www.amazon.sg/HP-Smart-Tank-All-One/dp/B07TSQJ1TC/ref=sr_1_7,amazon,HP
https://www.amazon.sg/HP-LaserJet-M141w-All-One/dp/B0B5LZ8GQQ/ref=sr_1_8,amazon,HP
https://www.amazon.sg/HP-LaserJet-M236dw-All-One/dp/B0769FK4CH/ref=sr_1_9,amazon,HP
https://www.lazada.sg/products/pdp-i1218206264.html,lazada,HP
https://www.lazada.sg/products/pdp-i3575109650.html,lazada,HP
https://www.lazada.sg/products/pdp-i278921568.html,lazada,HP
https://www.lazada.sg/products/pdp-i243769468.html,lazada,HP
https://www.lazada.sg/products/pdp-i1238804788.html,lazada,HP
https://www.lazada.sg/products/pdp-i1272758710.html,lazada,HP
https://www.lazada.sg/products/pdp-i308366213.html,lazada,HP
https://www.lazada.sg/products/pdp-i6316808.html,lazada,HP
https://www.lazada.sg/products/pdp-i2706503557.html,lazada,HP
https://www.lazada.sg/products/pdp-i3251725229.html,lazada,HP
https://www.ebay.com/itm/174481332309,ebay,HP
https://www.ebay.com/itm/146968701987,ebay,HP
https://www.ebay.com/itm/135849081171,ebay,HP
https://www.ebay.com/itm/156804942660,ebay,HP
https://www.ebay.com/itm/297677278508,ebay,HP
https://ebay.com/itm/123456,ebay,HP
https://www.ebay.com/itm/174482682078,ebay,HP
https://www.ebay.com/itm/187471011659,ebay,HP
https://www.ebay.com/itm/174481332311,ebay,HP
https://www.ebay.com/itm/374985092784,ebay,HP
https://www.amazon.sg/Ricoh-841337-Black-Toner-Cartridge/dp/B0001KVB4I/ref=sr_1_7,amazon,Ricoh
https://www.amazon.sg/ASEKER-Compatible-Cartridge-Printer-407254/dp/B0CF1K7SB1/ref=sr_1_5,amazon,Ricoh
https://www.amazon.sg/C2003-C2503-Cartridge-Magenta-Yellow/dp/B0CSJYJGN5/ref=sr_1_9,amazon,Ricoh
https://www.amazon.sg/Ricoh-D2RDD-W10SP-792552-Printer-Spindle/dp/B000CEX3BW/ref=sr_1_3,amazon,Ricoh
https://www.amazon.sg/Ricoh-406666-Printer-Fuser-Unit/dp/B003VN0YUE/ref=sr_1_4,amazon,Ricoh
https://www.amazon.sg/Cartridges-Replacement-MPC2503-MPC2504-MPC2003/dp/B0FMDDGVW8/ref=sr_1_6,amazon,Ricoh
https://www.amazon.sg/Ricoh-Aficio-Printer-SP-C811DN-T3/dp/B000M556U2/ref=sr_1_2,amazon,Ricoh
https://www.amazon.sg/Ricoh-841849-Laser-Printer-Cartridge/dp/B07118BGLD/ref=sr_1_8,amazon,Ricoh
https://www.amazon.sg/Ricoh-Network-Print-Server-002348MIU/dp/B000BFHWSM/ref=sr_1_10,amazon,Ricoh
https://www.amazon.sg/SP4100NL-B-w-Laser-Printer/dp/B001BHSIDW/ref=sr_1_1,amazon,Ricoh
https://www.lazada.sg/products/pdp-i3576690213.html,lazada,Ricoh
https://www.lazada.sg/products/pdp-i3495117879.html,lazada,Ricoh
https://www.lazada.sg/products/pdp-i3528707231.html,lazada,Ricoh
https://www.lazada.sg/products/pdp-i3491649833.html,lazada,Ricoh
https://www.lazada.sg/products/pdp-i3565992189.html,lazada,Ricoh
https://www.lazada.sg/products/pdp-i3528695320.html,lazada,Ricoh
https://www.lazada.sg/products/pdp-i3576713177.html,lazada,Ricoh
https://www.lazada.sg/products/pdp-i3579566949.html,lazada,Ricoh
https://www.lazada.sg/products/pdp-i3491784243.html,lazada,Ricoh
https://www.lazada.sg/products/pdp-i3578983046.html,lazada,Ricoh
https://www.ebay.com/itm/267476598667,ebay,Ricoh
https://www.ebay.com/itm/277464484200,ebay,Ricoh
https://www.ebay.com/itm/389271630644,ebay,Ricoh
https://www.ebay.com/itm/277464484443,ebay,Ricoh
https://www.ebay.com/itm/226927252007,ebay,Ricoh
https://www.ebay.com/itm/187470851361,ebay,Ricoh
https://www.ebay.com/itm/267433043314,ebay,Ricoh
https://www.ebay.com/itm/267300667387,ebay,Ricoh
https://www.ebay.com/itm/277464484015,ebay,Ricoh
https://ebay.com/itm/123456,ebay,Ricoh
https://www.amazon.sg/Epson-EcoTank-L3250-All-One/dp/B09T3Q54YH/ref=sr_1_6,amazon,Samsung
https://www.amazon.sg/Brother-HL-L2460DW-Single-Function-Printer/dp/B0CV4YX3P3/ref=sr_1_5,amazon,Samsung
https://www.amazon.sg/HP-LaserJet-M141w-All-One/dp/B0B5LZ8GQQ/ref=sr_1_4,amazon,Samsung
https://www.amazon.sg/Brother-DCP-1610W-All-One-Monochrome/dp/B017BKW7TS/ref=sr_1_8,amazon,Samsung
https://www.amazon.sg/Portable-Printers-N80-Bluetooth-Compatible/dp/B0F9YBMJDV/ref=sr_1_7,amazon,Samsung
https://www.amazon.sg/Launch-HP-DeskJet-2821eAll-Printer/dp/B0CFFWJHMF/ref=sr_1_3,amazon,Samsung
https://www.amazon.sg/Brother-HL-1210W-Monochrome-Printer-Print/dp/B018QG3YPM/ref=sr_1_2,amazon,Samsung
https://www.amazon.sg/HP-LaserJet-M111w-Monochrome-Bluetooth/dp/B09R255LSH/ref=sr_1_1,amazon,Samsung
https://www.amazon.sg/Brother-DCP-T226-All-One-Refillable/dp/B0B38N9YZS/ref=sr_1_9,amazon,Samsung
https://www.amazon.sg/Brother-DCP-L2680DW-Multi-Function-Printer/dp/B0CV4XFGGZ/ref=sr_1_10,amazon,Samsung
https://www.lazada.sg/products/pdp-i278921568.html,lazada,Samsung
https://www.lazada.sg/products/pdp-i3393922981.html,lazada,Samsung
https://www.lazada.sg/products/pdp-i3555250105.html,lazada,Samsung
https://www.lazada.sg/products/pdp-i3394016112.html,lazada,Samsung
https://www.lazada.sg/products/pdp-i3577037016.html,lazada,Samsung
https://www.lazada.sg/products/pdp-i3567104291.html,lazada,Samsung
https://www.lazada.sg/products/pdp-i3555252050.html,lazada,Samsung
https://www.lazada.sg/products/pdp-i3393863432.html,lazada,Samsung
https://www.lazada.sg/products/pdp-i904128301.html,lazada,Samsung
https://www.lazada.sg/products/pdp-i3556434483.html,lazada,Samsung
https://www.ebay.com/itm/146975020259,ebay,Samsung
https://www.ebay.com/itm/277502050029,ebay,Samsung
https://www.ebay.com/itm/136744679822,ebay,Samsung
https://www.ebay.com/itm/286956175911,ebay,Samsung
https://www.ebay.com/itm/306059484112,ebay,Samsung
https://www.ebay.com/itm/116808001810,ebay,Samsung
https://www.ebay.com/itm/177582063225,ebay,Samsung
https://www.ebay.com/itm/256784153053,ebay,Samsung
https://ebay.com/itm/123456,ebay,Samsung
https://www.ebay.com/itm/304632495542,ebay,Samsung
https://www.amazon.sg/Xerox-Phaser-6140-Color-Printer/dp/B002Q9OES2/ref=sr_1_5,amazon,Xerox
https://www.amazon.sg/Canon-imageCLASS-MF465dw-Wireless-Expandable/dp/B0C87J71B1/ref=sr_1_9,amazon,Xerox
https://www.amazon.sg/Xerox-6110MFP-Multi-Function-Printer-Scanner/dp/B000KERYXC/ref=sr_1_8,amazon,Xerox
https://www.amazon.sg/Brother-DCP-T226-All-One-Refillable/dp/B0B38N9YZS/ref=sr_1_10,amazon,Xerox
https://www.amazon.sg/Canon-Wireless-Portable-Printer-50-Sheet/dp/B0F1Z1VLV6/ref=sr_1_7,amazon,Xerox
https://www.amazon.sg/Xerox-Phaser-3500B-printer-laser/dp/B000B88X00/ref=sr_1_3,amazon,Xerox
https://www.amazon.sg/Brother-HL-L2460DW-Single-Function-Printer/dp/B0CV4YX3P3/ref=sr_1_6,amazon,Xerox
https://www.amazon.sg/Xerox-B410-Printer-Letter-Certified/dp/B0C8BNY3CW/ref=sr_1_2,amazon,Xerox
https://www.amazon.sg/Xerox-C410DN-Printer-Letter-Certified/dp/B0C8BLXJ85/ref=sr_1_4,amazon,Xerox
https://www.amazon.sg/Brother-DCP-L2640DW-Multi-Function-Printer/dp/B0CV3VZVRL/ref=sr_1_1,amazon,Xerox
https://www.lazada.sg/products/pdp-i3579575927.html,lazada,Xerox
https://www.lazada.sg/products/pdp-i3579646651.html,lazada,Xerox
https://www.lazada.sg/products/pdp-i3007967287.html,lazada,Xerox
https://www.lazada.sg/products/pdp-i3579707049.html,lazada,Xerox
https://www.lazada.sg/products/pdp-i3579674443.html,lazada,Xerox
https://www.lazada.sg/products/pdp-i3576645249.html,lazada,Xerox
https://www.lazada.sg/products/pdp-i3572885982.html,lazada,Xerox
https://www.lazada.sg/products/pdp-i3577691416.html,lazada,Xerox
https://www.lazada.sg/products/pdp-i3576552502.html,lazada,Xerox
https://www.lazada.sg/products/pdp-i3579586941.html,lazada,Xerox
https://www.ebay.com/itm/226881490184,ebay,Xerox
https://www.ebay.com/itm/167765593612,ebay,Xerox
https://www.ebay.com/itm/226941790262,ebay,Xerox
https://www.ebay.com/itm/395669186396,ebay,Xerox
https://www.ebay.com/itm/167765647804,ebay,Xerox
https://www.ebay.com/itm/226980908594,ebay,Xerox
https://www.ebay.com/itm/157293968089,ebay,Xerox
https://www.ebay.com/itm/187756394162,ebay,Xerox
https://www.ebay.com/itm/227096539994,ebay,Xerox
https://ebay.com/itm/123456,ebay,Xerox
