URL,Source,Brand,Product_ID,Product_Title,Image_URL_1,Image_URL_2,Image_URL_3,Image_URL_4
https://www.amazon.sg/Brother-DCP-T226-All-One-Refillable/dp/B0B38N9YZS/ref=sr_1_5,amazon,Brother,amazon_Brother_001,Brother DCP-T226 - A4 All-in-One Color Refillable Ink Tank Printer. Print/Scan/Copy. White color,https://m.media-amazon.com/images/I/61jj77bl7uL._AC_SX425_.jpg,https://m.media-amazon.com/images/I/61jj77bl7uL._AC_SY355_.jpg,https://m.media-amazon.com/images/I/61jj77bl7uL._AC_SX522_.jpg,https://m.media-amazon.com/images/I/61jj77bl7uL._AC_SX425_.jpg
https://www.amazon.sg/Brother-DCP-L3560CDW-Multi-Function-Printer/dp/B0CV7FTFJY/ref=sr_1_6,amazon,Brother,amazon_Brother_002,"Brother DCP-L3560CDW Multi Function Color Laser Printer, Print, Scan, Copy",https://m.media-amazon.com/images/I/71WkWkRHvOL._AC_SX425_.jpg,https://m.media-amazon.com/images/I/71WkWkRHvOL._AC_SX466_.jpg,https://m.media-amazon.com/images/I/71WkWkRHvOL._AC_SX679_.jpg,https://m.media-amazon.com/images/I/71WkWkRHvOL._AC_SX522_.jpg
https://www.amazon.sg/Brother-DCP-L2640DW-Multi-Function-Printer/dp/B0CV3VZVRL/ref=sr_1_2,amazon,Brother,amazon_Brother_003,"Brother DCP-L2640DW Multi Function Mono Laser Printer, Print, Scan, Copy",https://m.media-amazon.com/images/I/61d8MkaCR3L._AC_SX679_.jpg,https://m.media-amazon.com/images/I/61d8MkaCR3L._AC_SX466_.jpg,https://m.media-amazon.com/images/I/61d8MkaCR3L._AC_SY450_.jpg,https://m.media-amazon.com/images/I/61d8MkaCR3L._AC_SX522_.jpg
https://www.amazon.sg/Brother-HL-L3280CDW-Single-Function-Printer/dp/B0CJT1GLY5/ref=sr_1_10,amazon,Brother,amazon_Brother_004,Brother HL-L3280CDW Single Function Color Laser Printer,https://m.media-amazon.com/images/I/71QdOLkG5cL._AC_SX425_.jpg,https://m.media-amazon.com/images/I/71QdOLkG5cL._AC_SX466_.jpg,https://m.media-amazon.com/images/I/71QdOLkG5cL._AC_SX569_.jpg,https://m.media-amazon.com/images/I/71QdOLkG5cL._AC_SX522_.jpg
https://www.amazon.sg/Brother-Touchscreen-Automatic-Subscription-MFC-J1410DW/dp/B0FGC8KYP7/ref=sr_1_7,amazon,Brother,amazon_Brother_005,Brother Work Smart 1410 Wireless Color Inkjet All-in-One Printer with 2.7” Color Touchscreen and Automatic Duplex Printing | Includes Refresh Subscription Trial(1) (MFC-J1410DW),https://m.media-amazon.com/images/I/71F0feF2DNL._AC_SX425_.jpg,https://m.media-amazon.com/images/I/71F0feF2DNL._AC_SY355_.jpg,https://m.media-amazon.com/images/I/71F0feF2DNL._AC_SX522_.jpg,https://m.media-amazon.com/images/I/71F0feF2DNL._AC_SX569_.jpg
https://www.amazon.sg/Brother-DCP-1610W-All-One-Monochrome/dp/B017BKW7TS/ref=sr_1_3,amazon,Brother,amazon_Brother_006,Brother DCP-1610W - A4 All-in-One Monochrome Laser Printer. Print/Scan/Copy. WiFi. White color,https://m.media-amazon.com/images/I/710AmtPimuL._AC_SX425_.jpg,https://m.media-amazon.com/images/I/710AmtPimuL._AC_SX679_.jpg,https://m.media-amazon.com/images/I/710AmtPimuL._AC_SX569_.jpg,https://m.media-amazon.com/images/I/710AmtPimuL._AC_SX355_.jpg
https://www.amazon.sg/Brother-DCP-L2680DW-Multi-Function-Printer/dp/B0CV4XFGGZ/ref=sr_1_8,amazon,Brother,amazon_Brother_007,"Brother DCP-L2680DW Multi Function Mono Laser Printer, Print, Scan, Copy",https://m.media-amazon.com/images/I/712Ohg8psPL._AC_SX425_.jpg,https://m.media-amazon.com/images/I/712Ohg8psPL._AC_SX466_.jpg,https://m.media-amazon.com/images/I/712Ohg8psPL._AC_SX569_.jpg,https://m.media-amazon.com/images/I/712Ohg8psPL._AC_SX425_.jpg
https://www.amazon.sg/Brother-L2885DW-Multi-Function-Printer/dp/B0CV4Y9H5G/ref=sr_1_9,amazon,Brother,amazon_Brother_008,"Brother MFC- L2885DW Multi Function Mono Laser Printer, Print, Scan, Copy, Fax",https://m.media-amazon.com/images/I/61Z5Jxv9OxL._AC_SX425_.jpg,https://m.media-amazon.com/images/I/61Z5Jxv9OxL._AC_SX466_.jpg,https://m.media-amazon.com/images/I/61Z5Jxv9OxL._AC_SY450_.jpg,https://m.media-amazon.com/images/I/61Z5Jxv9OxL._AC_SX679_.jpg
https://www.amazon.sg/Brother-HL-L2460DW-Single-Function-Printer/dp/B0CV4YX3P3/ref=sr_1_1,amazon,Brother,amazon_Brother_009,Brother HL-L2460DW Single Function Mono Laser Printer,https://m.media-amazon.com/images/I/61+zYgrTvlL._AC_SX425_.jpg,https://m.media-amazon.com/images/I/61+zYgrTvlL._AC_SX679_.jpg,https://m.media-amazon.com/images/I/61+zYgrTvlL._AC_SY355_.jpg,https://m.media-amazon.com/images/I/61+zYgrTvlL._AC_SX425_.jpg
https://www.amazon.sg/Brother-HL-1210W-Monochrome-Printer-Print/dp/B018QG3YPM/ref=sr_1_4,amazon,Brother,amazon_Brother_010,Brother HL-1210W - A4 Monochrome Laser Printer. Print. WiFi. White color,https://m.media-amazon.com/images/I/71+aUDaEHRL._AC_SX425_.jpg,https://m.media-amazon.com/images/I/71+aUDaEHRL._AC_SX450_.jpg,https://m.media-amazon.com/images/I/71+aUDaEHRL._AC_SX522_.jpg,https://m.media-amazon.com/images/I/71+aUDaEHRL._AC_SX425_.jpg
https://www.lazada.sg/products/pdp-i2660187321.html,lazada,Brother,lazada_Brother_011,Brother HL-1210W Wireless Monochrome Laser Printer | Lazada Singapore,https://img.lazcdn.com/g/p/f1d3aba95bbeb5d2c0d96b25a94f666a.jpg_720x720q80.jpg_.webp,,,
https://www.lazada.sg/products/pdp-i3025101785.html,lazada,Brother,lazada_Brother_012,[NEW!] Brother HL-L5210DW Laser Printer Brother Duplex Printer Brother Laser Printer Wireless Laser Printer Mono Laser Printer Fast Printer Brother Laser Monochrome Laser Printer | Lazada Singapore,https://img.lazcdn.com/g/p/57a291b434d1da0331843fbcf636552f.png_720x720q80.png_.webp,,,
https://www.lazada.sg/products/pdp-i288501672.html,lazada,Brother,lazada_Brother_013,[SG] Brother PT-H107B Electronic Label Printer [Evergreen Stationery] | Lazada Singapore,https://img.lazcdn.com/g/p/74123c0d79f30ed5661c15d7ff323405.png_720x720q80.png_.webp,https://sg-live-01.slatic.net/p/2a1ff7ae0589bcf45d6483518c6c1201.jpg,https://sg-live-01.slatic.net/p/afd2263bb312c61fb27b5fd983ad01bf.jpg,https://sg-live-01.slatic.net/p/bb924171652dbf5227dc10f0b3e05163.png
https://www.lazada.sg/products/pdp-i100378525.html,lazada,Brother,lazada_Brother_014,Brother HL-L2460DW HL L2460DW 2460DW Compact Mono Laser Printer Wireless Auto-2 sided Duplex Printing Replacement of HL-L2375DW 2375DW 3 Years SG Warranty | Lazada Singapore,https://img.lazcdn.com/g/p/940f5bb264ea3e27d05e73743eb7d97c.png_720x720q80.png_.webp,,,
https://www.lazada.sg/products/pdp-i107715055.html,lazada,Brother,lazada_Brother_015,[NEW MODEL] Brother DCP-L2640DW L2640DW 2640DW 2640 3-in-1 Monochrome Laser Printer Multi-Function Centre with Automatic 2-sided Printing and Wireless Networking DCP-L2550DW 2550 L2550 | Lazada Singapore,https://img.lazcdn.com/g/p/fb02a138b1f168c8b1c3d2ce64ac0791.png_720x720q80.png_.webp,,,
https://www.lazada.sg/products/pdp-i2660240093.html,lazada,Brother,lazada_Brother_016,Brother DCP-1610W Wireless Multi-function Monochrome Laser Printer | Lazada Singapore,https://img.lazcdn.com/g/p/9cef0eb17b6038ba51848fb2df9ebe67.jpg_720x720q80.jpg_.webp,,,
https://www.lazada.sg/products/pdp-i3577168384.html,lazada,Brother,lazada_Brother_017,43535345[READY STOCK] Brother MFC-L3760CDW Printer Replacement of L3750CDW All-In-One Wireless Colour Printer453534 | Lazada Singapore,https://img.lazcdn.com/g/p/e943c500bb7d982d037b800b3e507b60.jpg_720x720q80.jpg_.webp,,,
https://www.lazada.sg/products/pdp-i460080844.html,lazada,Brother,lazada_Brother_018,Brother PT-H107B Portable Handheld Label Printer | Lazada Singapore,https://img.lazcdn.com/g/p/7755fc323503e4f1b98bbb27c5696d76.jpg_720x720q80.jpg_.webp,,,
https://www.lazada.sg/products/pdp-i3002816380.html,lazada,Brother,lazada_Brother_019,"Brother DCP-L2640DW Multi Function Mono Laser Printer, Print, Scan, Copy | Lazada Singapore",https://img.lazcdn.com/g/p/24b239352f3ed5ac280d80609af7c9df.jpg_720x720q80.jpg_.webp,,,
https://www.lazada.sg/products/pdp-i3576984772.html,lazada,Brother,lazada_Brother_020,43535345[READY STOCK] Brother Monochrome Printer HL-1110 3YRS WARRANTY CARRY IN - NON wifi453534 | Lazada Singapore,https://img.lazcdn.com/g/p/d7c710ef387e4c2e6c0f75580c5baaa5.jpg_720x720q80.jpg_.webp,,,
https://www.ebay.com/itm/305664736852,ebay,Brother,ebay_Brother_021,"SATO CG412DT Direct Thermal 4"" Wide Label Printer similar to Brother QL-1110NWB | eBay",https://i.ebayimg.com/images/g/O1MAAOSw~BxmjQdK/s-l400.jpg,https://i.ebayimg.com/images/g/O1MAAOSw~BxmjQdK/s-l500.webp,https://i.ebayimg.com/thumbs/images/g/hvsAAOSwRCJnfT7l/s-l96.jpg,https://i.ebayimg.com/thumbs/images/g/4owAAOSwxjdnXFgY/s-l96.jpg
https://www.ebay.com/itm/226999574694,ebay,Brother,ebay_Brother_022,"Brother HL-5250DN Duplex Workgroup Network Laser Printer Total Page Count 73,353 12502614449| eBay",https://i.ebayimg.com/images/g/u9AAAeSwRg9o2uLp/s-l400.jpg,https://i.ebayimg.com/images/g/u9AAAeSwRg9o2uLp/s-l500.webp,https://i.ebayimg.com/images/g/brgAAOSwo5Rj4tX0/s-l200.jpg,https://i.ebayimg.com/images/g/PVoAAOSwxdBl6zCk/s-l100.jpg
https://www.ebay.com/itm/177468685578,ebay,Brother,ebay_Brother_023,Brother HL-L2340DW Wireless Mono Laser Printer | Duplex | USB | Wi-Fi | Compact 823019509711| eBay,https://i.ebayimg.com/images/g/DdIAAeSwHgZo42Ar/s-l400.jpg,https://i.ebayimg.com/images/g/DdIAAeSwHgZo42Ar/s-l1600.webp,https://i.ebayimg.com/images/g/1tIAAOSweM5kSqsu/s-l200.jpg,https://i.ebayimg.com/images/g/aTsAAOSwsz5kwL3Y/s-l100.jpg
https://www.ebay.com/itm/304679674263,ebay,Brother,ebay_Brother_024,Brother P-Touch QL-1050 Direct Thermal Label Printer Autocutter USB Serial | eBay,https://i.ebayimg.com/images/g/eFsAAOSwQlRjXA4j/s-l400.jpg,https://i.ebayimg.com/images/g/eFsAAOSwQlRjXA4j/s-l1600.webp,https://i.ebayimg.com/thumbs/images/g/efcAAOSwiQVkXSU3/s-l96.jpg,https://i.ebayimg.com/thumbs/images/g/fbYAAeSwVplo2ts7/s-l96.jpg
https://www.ebay.com/itm/176931517545,ebay,Brother,ebay_Brother_025,Brother HL-L5200DW | Monochrome Laser Printer | Wireless | Duplex | Fast Printer 12502641773| eBay,https://i.ebayimg.com/images/g/oHAAAeSwWytn2Iq-/s-l400.jpg,https://i.ebayimg.com/images/g/oHAAAeSwWytn2Iq-/s-l960.webp,https://i.ebayimg.com/images/g/6qYAAOSw70lk4siz/s-l200.jpg,https://i.ebayimg.com/images/g/g88AAOSw1VZnvuAf/s-l100.jpg
https://www.ebay.com/itm/277517759305,ebay,Brother,ebay_Brother_026,(USED) Brother HL-L2390DW Wireless Monochrome All-In-One Laser Printer 12502649670| eBay,https://i.ebayimg.com/images/g/-oMAAeSwFx1pHaGw/s-l400.jpg,https://i.ebayimg.com/images/g/-oMAAeSwFx1pHaGw/s-l1600.webp,https://i.ebayimg.com/images/g/brgAAOSwo5Rj4tX0/s-l200.jpg,https://i.ebayimg.com/images/g/BAEAAOSwLhdl6yR-/s-l100.jpg
https://www.ebay.com/itm/395263176445,ebay,Brother,ebay_Brother_027,Brother PJ-773 PocketJet Mobile Wi-Fi Thermal Printer | Portable | A4 | 300 x 300 DPI | Black & White | 8 ppm | Bluetooth | China,https://i.ebayimg.com/images/g/HGYAAOSwiP9oCJmt/s-l400.jpg,https://i.ebayimg.com/images/g/HGYAAOSwiP9oCJmt/s-l1600.webp,https://i.ebayimg.com/images/g/SGEAAOSw9HBmTZEg/s-l200.jpg,https://i.ebayimg.com/images/g/oIQAAOSwXChm3CJn/s-l100.jpg
https://www.ebay.com/itm/177437235747,ebay,Brother,ebay_Brother_028,Brother HL-L9310CDW Color Laser Printer | Wireless | Duplex | + Toner & Drum  12502646440| eBay,https://i.ebayimg.com/images/g/vR8AAeSwwKRoeINi/s-l400.jpg,https://i.ebayimg.com/images/g/vR8AAeSwwKRoeINi/s-l1600.webp,https://i.ebayimg.com/images/g/brgAAOSwo5Rj4tX0/s-l200.jpg,https://i.ebayimg.com/images/g/UqUAAOSwbjpeKzbu/s-l100.jpg
https://www.ebay.com/itm/305280607547,ebay,Brother,ebay_Brother_029,Brother QL-820NWB Thermal Barcode Printer Wireless BT USB LAN FULLY TESTED | eBay,https://i.ebayimg.com/images/g/uF0AAOSwkN5lXdrW/s-l400.jpg,https://i.ebayimg.com/images/g/uF0AAOSwkN5lXdrW/s-l1600.webp,https://i.ebayimg.com/images/g/brgAAOSwo5Rj4tX0/s-l200.jpg,https://i.ebayimg.com/images/g/OlQAAOSwx~Zl4gW-/s-l100.jpg
https://ebay.com/itm/123456,ebay,Brother,ebay_Brother_030,We looked everywhere.,http://i.ebayimg.com/00/s/MTUwMFgxMjAw/z/8ScAAOSw-ANlzRIW/$_1.PNG?set_id=2,,,
https://www.amazon.sg/Canon-imageCLASS-MF643Cdw-All-One/dp/B07XT6PJ4G/ref=sr_1_9,amazon,Canon,amazon_Canon_031,"Canon imageCLASS MF643Cdw - A4 Duplex All-in-One Laser Color Printer, 2-sided printing. Print, Scan and Copy with ADF. Ethernet, USB 2.0 and Wi-Fi. Apple Airprint™ and Mopria™ Service. White color",https://m.media-amazon.com/images/I/71OY-mtogAL._AC_SX425_.jpg,https://m.media-amazon.com/images/I/71OY-mtogAL._AC_SX569_.jpg,https://m.media-amazon.com/images/I/71OY-mtogAL._AC_SY355_.jpg,https://m.media-amazon.com/images/I/71OY-mtogAL._AC_SX522_.jpg
https://www.amazon.sg/Canon-Wireless-Portable-Printer-50-Sheet/dp/B0F1Z1VLV6/ref=sr_1_4,amazon,Canon,amazon_Canon_032,"Canon PIXMA TR160 Wireless Portable Printer, 50-Sheet Paper Tray and 1.44"" Display",https://m.media-amazon.com/images/I/71s1EKnnDmL._AC_SX425_.jpg,https://m.media-amazon.com/images/I/71s1EKnnDmL._AC_SY355_.jpg,https://m.media-amazon.com/images/I/71s1EKnnDmL._AC_SX522_.jpg,https://m.media-amazon.com/images/I/71s1EKnnDmL._AC_SX425_.jpg
https://www.amazon.sg/Canon-PIXMA-E410-All-One/dp/B0711TGQ7P/ref=sr_1_6,amazon,Canon,amazon_Canon_033,"Canon PIXMA E410 - A4 All-in-One Inkjet Color Printer. Print, Scan and Copy. Black Color",https://m.media-amazon.com/images/I/71BuAOWk99L._AC_SX425_.jpg,https://m.media-amazon.com/images/I/71BuAOWk99L._AC_SX466_.jpg,https://m.media-amazon.com/images/I/71BuAOWk99L._AC_SX569_.jpg,https://m.media-amazon.com/images/I/71BuAOWk99L._AC_SY450_.jpg
https://www.amazon.sg/Canon-PIXMA-E470-All-One/dp/B0B3Q57S9W/ref=sr_1_5,amazon,Canon,amazon_Canon_034,"Canon PIXMA E470 - A4 Wi-Fi All-in-One Inkjet Color Printer. Print, Scan and Copy. Wi-Fi, Wireless PictBridge, Direct Wireless. Black color",https://m.media-amazon.com/images/I/71hFrmYyo4L._AC_SX425_.jpg,https://m.media-amazon.com/images/I/71hFrmYyo4L._AC_SX679_.jpg,https://m.media-amazon.com/images/I/71hFrmYyo4L._AC_SX466_.jpg,https://m.media-amazon.com/images/I/71hFrmYyo4L._AC_SX425_.jpg
https://www.amazon.sg/Canon-TS4320-Wireless-Printer-Printing/dp/B0FMBGXC2C/ref=sr_1_2,amazon,Canon,amazon_Canon_035,"Canon PIXMA TS4320 Wireless Color Inkjet Printer for Duplex Printing, White – Cost Efficient Home Printer with Copier/Scanner, Compact Design, Easy Setup, 1 Year Limited Warranty",https://m.media-amazon.com/images/I/61Tb3hWQtmL._AC_SX425_.jpg,https://m.media-amazon.com/images/I/61Tb3hWQtmL._AC_SX679_.jpg,https://m.media-amazon.com/images/I/61Tb3hWQtmL._AC_SX466_.jpg,https://m.media-amazon.com/images/I/61Tb3hWQtmL._AC_SX425_.jpg
https://www.amazon.sg/Canon-PIXMA-G3770-Refillable-Printer/dp/B0BPX1GNSM/ref=sr_1_7,amazon,Canon,amazon_Canon_036,"Canon PIXMA G3770 - A4 Wi-Fi Refillable Ink Tank Printer. Print, Scan and Copy. USB 2.0. Wi-Fi & Wi-Fi Direct, Apple Airprint and Mopria Print Service. Black color, Large",https://m.media-amazon.com/images/I/61JdLHmhcVL._AC_SX425_.jpg,https://m.media-amazon.com/images/I/61JdLHmhcVL._AC_SX569_.jpg,https://m.media-amazon.com/images/I/61JdLHmhcVL._AC_SY355_.jpg,https://m.media-amazon.com/images/I/61JdLHmhcVL._AC_SY450_.jpg
https://www.amazon.sg/Canon-Printing-Postcard-Wireless-Sublimation/dp/B0BBMX16RG/ref=sr_1_10,amazon,Canon,amazon_Canon_037,"Canon SELPHY CP1500 Mini Photo Printer (Printing up to Postcard Size 10 x 15 cm, USB-C, WLAN, Wireless, Thermal Sublimation, SELPHY App, Color Stable 100 Years) Pink [without ribbon/paper, without",https://m.media-amazon.com/images/I/61sHUIzxPEL._AC_SX425_.jpg,https://m.media-amazon.com/images/I/61sHUIzxPEL._AC_SX450_.jpg,https://m.media-amazon.com/images/I/61sHUIzxPEL._AC_SX522_.jpg,https://m.media-amazon.com/images/I/61sHUIzxPEL._AC_SX569_.jpg
https://www.amazon.sg/Canon-PIXMA-MG3670-All-One/dp/B071Z9N5SW/ref=sr_1_3,amazon,Canon,amazon_Canon_038,"Canon PIXMA MG3670 - A4 Duplex All-in-One Inkjet Color Printer. Print, Scan and Copy. Wi-Fi & Wi-Fi Direct, Apple Airprint™ and Mopria™ Print Service. Black Color",https://m.media-amazon.com/images/I/71oOt0qhPtL._AC_SX425_.jpg,https://m.media-amazon.com/images/I/71oOt0qhPtL._AC_SX450_.jpg,https://m.media-amazon.com/images/I/71oOt0qhPtL._AC_SX425_.jpg,https://m.media-amazon.com/images/I/71oOt0qhPtL._AC_SX569_.jpg
https://www.amazon.sg/Canon-TR7120-Wireless-Printer-Printing/dp/B0FMB4JBJ8/ref=sr_1_1,amazon,Canon,amazon_Canon_039,"Canon PIXMA TR7120 Wireless Color Inkjet Printer for Duplex Printing, White – Home Printer with Copier/Scanner, Auto Document Feeder, Compact Design, Intuitive Control Panel",https://m.media-amazon.com/images/I/6122bFjcGpL._AC_SX425_.jpg,https://m.media-amazon.com/images/I/6122bFjcGpL._AC_SY450_.jpg,https://m.media-amazon.com/images/I/6122bFjcGpL._AC_SX679_.jpg,https://m.media-amazon.com/images/I/6122bFjcGpL._AC_SY355_.jpg
https://www.amazon.sg/TS702a-Compact-Connected-Inkjet-Printer/dp/B09TG8F4YS/ref=sr_1_8,amazon,Canon,amazon_Canon_040,PIXMA TS702a Compact Connected Inkjet Printer,https://m.media-amazon.com/images/I/81olQzwjKCL._AC_SX425_.jpg,https://m.media-amazon.com/images/I/81olQzwjKCL._AC_SX522_.jpg,https://m.media-amazon.com/images/I/81olQzwjKCL._AC_SY450_.jpg,https://m.media-amazon.com/images/I/81olQzwjKCL._AC_SX569_.jpg
https://www.lazada.sg/products/pdp-i3570712634.html,lazada,Canon,lazada_Canon_041,Canon PIXMA G3770 Inkjet Printer | Lazada Singapore,https://img.lazcdn.com/g/p/6bd96e787d4637136c5870cac414e985.jpg_webp_720x720q80.jpg_.webp,,,
https://www.lazada.sg/products/pdp-i3577334048.html,lazada,Canon,lazada_Canon_042,"43535345Canon PIXMA MG3670 Inkjet Printer, Print, Scan, Copy453534 | Lazada Singapore",https://img.lazcdn.com/g/p/a0b76d7a8ddbc1858abac537ebb5f94c.jpg_720x720q80.jpg_.webp,,,
https://www.lazada.sg/products/pdp-i2095255452.html,lazada,Canon,lazada_Canon_043,[FAST SHIP] Canon PIXMA MG3670 | Wireless | Auto Duplex | All-In-One Photo Printer (White/ Red/ Black) | Lazada Singapore,https://img.lazcdn.com/g/p/9205e7d87d131996193f44ff99ca162c.png_720x720q80.png_.webp,,,
https://www.lazada.sg/products/pdp-i588286922.html,lazada,Canon,lazada_Canon_044,(ALLSTARS : We are Back Promo) Canon PIXMA MG2570S All-in-one Color inkjet printer / Print / Scan / Copy / USB Connection only (Warranty 2years Carry in to Canon Singapore) | Lazada Singapore,https://img.lazcdn.com/g/p/58eab5cab00a6334c612a5205751539f.jpg_720x720q80.jpg_.webp,,,
https://www.lazada.sg/products/pdp-i3158613004.html,lazada,Canon,lazada_Canon_045,Canon SELPHY CP1500 Wireless Compact Photo Printer | Lazada Singapore,https://img.lazcdn.com/g/p/438d5da3cb30ae5ba2eae85db18da9cd.jpg_720x720q80.jpg_.webp,,,
https://www.lazada.sg/products/pdp-i2658714060.html,lazada,Canon,lazada_Canon_046,Canon Pixma MG3670 AIO Printer | Lazada Singapore,https://img.lazcdn.com/g/p/e4d3c614f60a2b1dbe2cfe5da99c8c1e.jpg_720x720q80.jpg_.webp,,,
https://www.lazada.sg/products/pdp-i1238200036.html,lazada,Canon,lazada_Canon_047,Canon MG3070S Inkjet Printer | Lazada Singapore,https://img.lazcdn.com/g/p/08a5cbb332b962a0575ca9c81b1130c2.jpg_720x720q80.jpg_.webp,,,
https://www.lazada.sg/products/pdp-i604024841.html,lazada,Canon,lazada_Canon_048,(ALLSTARS : We are Back / Must Buy Promo) Canon MG3070S All-in-one Color Wireless Inkjet Printer / Print / Scan / Copy (Warranty 2years Carry In to Canon SG) | Lazada Singapore,https://img.lazcdn.com/g/p/8dfbca65fbf4c2ec7b475a0828904728.jpg_720x720q80.jpg_.webp,,,
https://www.lazada.sg/products/pdp-i3548328815.html,lazada,Canon,lazada_Canon_049,CANON PIXMA TS5570 Printer | Lazada Singapore,https://img.lazcdn.com/g/p/b1dde93f85bd97ea8b936eb29c91565e.jpg_720x720q80.jpg_.webp,,,
https://www.lazada.sg/products/pdp-i310580524.html,lazada,Canon,lazada_Canon_050,Canon PIXMA MG3070S Basic All-In-One Printer MG3070 s MG 3070s 3070 [Free redeemable gift from Canon ~ while stock last] | Lazada Singapore,https://img.lazcdn.com/g/p/cd5ec0e16e3c0db063d87de1473440a1.jpg_720x720q80.jpg_.webp,,,
https://www.ebay.com/itm/256860265507,ebay,Canon,ebay_Canon_051,Canon & Epson WIC Reset Key & Utility waste ink pad counter Reset inkjet Printer | eBay,https://i.ebayimg.com/images/g/ynwAAOSwOrxlTb4u/s-l400.jpg,https://i.ebayimg.com/images/g/ynwAAOSwOrxlTb4u/s-l500.webp,https://i.ebayimg.com/thumbs/images/g/QbMAAeSwSlpn8-DK/s-l96.jpg,https://i.ebayimg.com/thumbs/images/g/XOwAAeSwj1JpHYWb/s-l96.jpg
https://www.ebay.com/itm/116868747549,ebay,Canon,ebay_Canon_052,Canon PIXMA MG2525 All-In-One Inkjet Printer TESTED With USB CABLE.  | eBay,https://i.ebayimg.com/images/g/cJgAAeSwo1dpD3tE/s-l400.jpg,https://i.ebayimg.com/images/g/cJgAAeSwo1dpD3tE/s-l1600.webp,https://i.ebayimg.com/images/g/3QsAAOSwkf9iM-eJ/s-l200.jpg,https://i.ebayimg.com/images/g/tZIAAOSwh39nCAAO/s-l100.jpg
https://www.ebay.com/itm/267474827759,ebay,Canon,ebay_Canon_053,Canon SELPHY CP1500 WiFi  Compact Photo Printer White -  Brand New | eBay,https://i.ebayimg.com/images/g/cE4AAeSwWYVpGSH8/s-l400.jpg,https://i.ebayimg.com/images/g/cE4AAeSwWYVpGSH8/s-l1600.webp,https://i.ebayimg.com/images/g/1tIAAOSweM5kSqsu/s-l200.jpg,https://i.ebayimg.com/images/g/aTsAAOSwsz5kwL3Y/s-l100.jpg
https://www.ebay.com/itm/257185160029,ebay,Canon,ebay_Canon_054,REPO! CANON IMAGEPRESS C910 PRODUCTION COPIER PRINTER SCANNER LOW METER. | eBay,https://i.ebayimg.com/images/g/Y0EAAeSwy2ZpBN4d/s-l400.jpg,https://i.ebayimg.com/images/g/Y0EAAeSwy2ZpBN4d/s-l1600.webp,https://i.ebayimg.com/images/g/og4AAeSwKNRpDUo-/s-l200.jpg,https://i.ebayimg.com/images/g/jDMAAOSwasBoIo-z/s-l100.jpg
https://www.ebay.com/itm/326841744317,ebay,Canon,ebay_Canon_055,Canon PIXMA TS6420a Wireless Inkjet All-In-One Color Printer Black 13803348088| eBay,https://i.ebayimg.com/images/g/aPMAAeSw9fNpA4vy/s-l400.jpg,https://i.ebayimg.com/images/g/aPMAAeSw9fNpA4vy/s-l1600.webp,https://i.ebayimg.com/images/g/1tIAAOSweM5kSqsu/s-l200.jpg,https://i.ebayimg.com/images/g/aTsAAOSwsz5kwL3Y/s-l100.jpg
https://www.ebay.com/itm/157488130933,ebay,Canon,ebay_Canon_056,Canon Selphy CP1300 | eBay,https://i.ebayimg.com/images/g/qNMAAeSw1SxpIM6s/s-l400.jpg,https://i.ebayimg.com/images/g/qNMAAeSw1SxpIM6s/s-l1600.webp,https://i.ebayimg.com/images/g/brgAAOSwo5Rj4tX0/s-l200.jpg,https://i.ebayimg.com/images/g/8t4AAOSwy~dm6uvy/s-l100.jpg
https://www.ebay.com/itm/163955007708,ebay,Canon,ebay_Canon_057,New Canon 3722 (3522) Wireless Printer-Copy-Scan-Photo-Homework-Office work | eBay,https://i.ebayimg.com/images/g/eZUAAOSwXE9mfffc/s-l400.jpg,https://i.ebayimg.com/images/g/eZUAAOSwXE9mfffc/s-l1600.webp,https://i.ebayimg.com/images/g/6qYAAOSw70lk4siz/s-l200.jpg,https://i.ebayimg.com/images/g/GSUAAOSwyhti8g9X/s-l100.jpg
https://www.ebay.com/itm/236466944877,ebay,Canon,ebay_Canon_058,Canon SELPHY CP1500 Compact Photo Printer Pink Wireless Wi-Fi New in Box Japan | eBay,https://i.ebayimg.com/images/g/JdIAAeSwlphpGcGe/s-l400.jpg,https://i.ebayimg.com/images/g/JdIAAeSwlphpGcGe/s-l960.webp,https://i.ebayimg.com/images/g/brgAAOSwo5Rj4tX0/s-l200.jpg,https://i.ebayimg.com/images/g/dWYAAOSwR8lm20bJ/s-l100.jpg
https://ebay.com/itm/123456,ebay,Canon,ebay_Canon_059,We looked everywhere.,http://i.ebayimg.com/00/s/MTUwMFgxMjAw/z/8ScAAOSw-ANlzRIW/$_1.PNG?set_id=2,,,
https://www.ebay.com/itm/162972555524,ebay,Canon,ebay_Canon_060,NEW Canon Pixma MG3620 (3520) All In One Printer-Wireless-Scan Copy-Photo Print | eBay,https://i.ebayimg.com/images/g/QhAAAOSwKdRh6itT/s-l400.jpg,https://i.ebayimg.com/images/g/QhAAAOSwKdRh6itT/s-l1600.webp,https://i.ebayimg.com/images/g/6qYAAOSw70lk4siz/s-l200.jpg,https://i.ebayimg.com/images/g/zt8AAOSwcARi~zYm/s-l100.jpg
https://www.amazon.sg/Epson-EcoTank-L6270-All-One/dp/B09T3QCLQG/ref=sr_1_13,amazon,Epson,amazon_Epson_061,"Epson EcoTank L6270 - A4 Wi-Fi Duplex All-in-One Ink Tank Printer with ADF. Print, scan and copy, auto-duplex printing, Wi-Fi & Wi-Fi Direct, Apple Airprint™ and Mopria™ Service, black color",https://m.media-amazon.com/images/I/61RtXWXda1L._AC_SX425_.jpg,https://m.media-amazon.com/images/I/61RtXWXda1L._AC_SX679_.jpg,https://m.media-amazon.com/images/I/61RtXWXda1L._AC_SX450_.jpg,https://m.media-amazon.com/images/I/61RtXWXda1L._AC_SX466_.jpg
https://www.amazon.sg/Epson-EcoTank-L4260-All-One/dp/B09T3Q76YZ/ref=sr_1_8,amazon,Epson,amazon_Epson_062,"Epson EcoTank L4260 - A4 Wi-Fi Duplex All-in-One Ink Tank Printer. Print, scan and copy, auto-duplex printing, Wi-Fi & Wi-Fi Direct, Apple Airprint™ and Mopria™ Service, black color",https://m.media-amazon.com/images/I/61dofhsmLSL._AC_SX425_.jpg,https://m.media-amazon.com/images/I/61dofhsmLSL._AC_SX450_.jpg,https://m.media-amazon.com/images/I/61dofhsmLSL._AC_SX425_.jpg,https://m.media-amazon.com/images/I/61dofhsmLSL._AC_SX569_.jpg
https://www.amazon.sg/Epson-EcoTank-L3250-All-One/dp/B09T3Q54YH/ref=sr_1_5,amazon,Epson,amazon_Epson_063,"Epson EcoTank L3250 - A4 All-in-One Ink Tank Printer. Print, scan and copy, Wi-Fi & Wi-Fi Direct, black color",https://m.media-amazon.com/images/I/61hbo27GjnL._AC_SX425_.jpg,https://m.media-amazon.com/images/I/61hbo27GjnL._AC_SX466_.jpg,https://m.media-amazon.com/images/I/61hbo27GjnL._AC_SX569_.jpg,https://m.media-amazon.com/images/I/61hbo27GjnL._AC_SX450_.jpg
https://www.amazon.sg/Epson-C11CK59507-EPSON-ECOTANK-L3556/dp/B0D3GVLP53/ref=sr_1_10,amazon,Epson,amazon_Epson_064,EPSON ECOTANK L3556 (WHITE),https://m.media-amazon.com/images/I/31aDX+TxKIL._AC_SX425_.jpg,https://m.media-amazon.com/images/I/31aDX+TxKIL._AC_SX450_.jpg,https://m.media-amazon.com/images/I/31aDX+TxKIL._AC_SX466_.jpg,https://m.media-amazon.com/images/I/31aDX+TxKIL._AC_SX355_.jpg
https://www.amazon.sg/Epson-EcoTank-L1250-Printer-Direct/dp/B0B4PF7P69/ref=sr_1_14,amazon,Epson,amazon_Epson_065,"Epson EcoTank L1250 - A4 Wi-Fi Ink Tank Printer, Wi-Fi & Wi-Fi Direct, black color",https://m.media-amazon.com/images/I/61oGMICoNHL._AC_SX425_.jpg,https://m.media-amazon.com/images/I/61oGMICoNHL._AC_SX569_.jpg,https://m.media-amazon.com/images/I/61oGMICoNHL._AC_SX355_.jpg,https://m.media-amazon.com/images/I/61oGMICoNHL._AC_SX522_.jpg
https://www.amazon.sg/Epson-C11CK37501-EPSON-EcoTank-L8050/dp/B0CFXVFNV4/ref=sr_1_11,amazon,Epson,amazon_Epson_066,EPSON EcoTank L8050,https://m.media-amazon.com/images/I/41CjdyMN7SL._AC_SX425_.jpg,https://m.media-amazon.com/images/I/41CjdyMN7SL._AC_SX425_.jpg,https://m.media-amazon.com/images/I/41CjdyMN7SL._AC_SX522_.jpg,https://m.media-amazon.com/images/I/41CjdyMN7SL._AC_SX569_.jpg
https://www.amazon.sg/Epson-EcoTank-L5296-All-One/dp/B09XBJVMCG/ref=sr_1_9,amazon,Epson,amazon_Epson_067,"Epson EcoTank L5296 - A4 Wi-Fi All-in-One Ink Tank Printer with ADF. Print, scan, copy and fax, Wi-Fi & Wi-Fi Direct, Apple Airprint™ and Mopria™ Service, white color",https://m.media-amazon.com/images/I/61ypw5mCIJL._AC_SX425_.jpg,https://m.media-amazon.com/images/I/61ypw5mCIJL._AC_SX450_.jpg,https://m.media-amazon.com/images/I/61ypw5mCIJL._AC_SX522_.jpg,https://m.media-amazon.com/images/I/61ypw5mCIJL._AC_SX679_.jpg
https://www.amazon.sg/Epson-EcoTank-L3210-All-One/dp/B0B4Q5S8VG/ref=sr_1_7,amazon,Epson,amazon_Epson_068,"Epson EcoTank L3210 - A4 All-in-One Ink Tank Printer. Print, scan and copy, black color",https://m.media-amazon.com/images/I/614h99Xx0zL._AC_SX425_.jpg,https://m.media-amazon.com/images/I/614h99Xx0zL._AC_SX450_.jpg,https://m.media-amazon.com/images/I/614h99Xx0zL._AC_SX425_.jpg,https://m.media-amazon.com/images/I/614h99Xx0zL._AC_SX569_.jpg
https://www.amazon.sg/Epson-C11CK59501-EPSON-ECOTANK-L3550/dp/B0CFXVKDKX/ref=sr_1_12,amazon,Epson,amazon_Epson_069,EPSON ECOTANK L3550,https://m.media-amazon.com/images/I/51tF8r6EAWL._AC_SX425_.jpg,https://m.media-amazon.com/images/I/51tF8r6EAWL._AC_SX450_.jpg,https://m.media-amazon.com/images/I/51tF8r6EAWL._AC_SX425_.jpg,https://m.media-amazon.com/images/I/51tF8r6EAWL._AC_SX355_.jpg
https://www.amazon.sg/Epson-EcoTank-L3256-All-One/dp/B09XBKZRCH/ref=sr_1_6,amazon,Epson,amazon_Epson_070,"Epson EcoTank L3256 - A4 All-in-One Ink Tank Printer. Print, scan and copy, Wi-Fi & Wi-Fi Direct, white color",https://m.media-amazon.com/images/I/81Vso7r3OiL._AC_SX425_.jpg,https://m.media-amazon.com/images/I/81Vso7r3OiL._AC_SX425_.jpg,https://m.media-amazon.com/images/I/81Vso7r3OiL._AC_SX355_.jpg,https://m.media-amazon.com/images/I/81Vso7r3OiL._AC_SX522_.jpg
https://www.lazada.sg/products/pdp-i3209211014.html,lazada,Epson,lazada_Epson_071,[SG Seller] (Refurbished/ Used Printer) Epson Expression Home XP-2101 Inkjet All-in-One Printer | Lazada Singapore,https://img.lazcdn.com/g/p/381c1b0fe0572b4caf0342046f9fa112.jpg_720x720q80.jpg_.webp,,,
https://www.lazada.sg/products/pdp-i3576382704.html,lazada,Epson,lazada_Epson_072,Epson Color Inkjet Printer Copy Scan Fax Wireless All-in-One Home Office A4 Double-Sided Continuous Ink Supply System | Lazada Singapore,https://img.lazcdn.com/g/p/80ba06f4b21b33836f6bfcad83c37559.jpg_webp_720x720q80.jpg_.webp,,,
https://www.lazada.sg/products/pdp-i1953461634.html,lazada,Epson,lazada_Epson_073,Epson EcoTank L3250 A4 Wi-Fi All-in-One Ink Tank Printer | Lazada Singapore,https://img.lazcdn.com/g/ff/kf/S8cc08caaa8a943d3a217a51c19cf26a8W.jpg_720x720q80.jpg_.webp,,,
https://www.lazada.sg/products/pdp-i1952921979.html,lazada,Epson,lazada_Epson_074,Epson EcoTank L1256 A4 Wi-Fi Ink Tank Printer (Online Exclusive) | Lazada Singapore,https://img.lazcdn.com/g/ff/kf/S52618dbce5e34e6e81813af5dcb27453a.jpg_720x720q80.jpg_.webp,,,
https://www.lazada.sg/products/pdp-i367544342.html,lazada,Epson,lazada_Epson_075,(Original) Epson EcoTank L8050 8050 Ink Tank Printer 2 years Manufacturer Warranty | Lazada Singapore,https://img.lazcdn.com/g/p/0ebf8ac49abff7e8426c36d8f2d0c83c.png_720x720q80.png_.webp,,,
https://www.lazada.sg/products/pdp-i1555038041.html,lazada,Epson,lazada_Epson_076,(Original) Epson EcoTank Monochrome M1120 1120 Wi-Fi Ink Tank Wireless Printer 4 Years Manufacturer Warranty | Lazada Singapore,https://img.lazcdn.com/g/p/436190d79e5f08915d51582cf020fb09.png_720x720q80.png_.webp,,,
https://www.lazada.sg/products/pdp-i3190038009.html,lazada,Epson,lazada_Epson_077,EPSON A4 ECOTANK PRINTER L3250 | WIFI | PRINT | SCAN | COPY | INKTANK PRINTER | Lazada Singapore,https://img.lazcdn.com/g/p/0468f6ff4f8d502831090242b01b8e27.png_720x720q80.png_.webp,,,
https://www.lazada.sg/products/pdp-i3453171018.html,lazada,Epson,lazada_Epson_078,Epson EcoTank L4366 A4 Wi-Fi Duplex All-in-One Ink Tank Printer (Online Exclusive) | Lazada Singapore,https://img.lazcdn.com/g/ff/kf/Sc04e8767c0fc4ff5aaa57e6319970ab9b.png_720x720q80.png_.webp,,,
https://www.lazada.sg/products/pdp-i1953813136.html,lazada,Epson,lazada_Epson_079,Epson EcoTank L3256 A4 Wi-Fi All-in-One Ink Tank Printer (Online Exclusive) | Lazada Singapore,https://img.lazcdn.com/g/p/5431e0b9002435a8952ea13b7a68de6b.jpg_720x720q80.jpg_.webp,,,
https://www.lazada.sg/products/pdp-i3499027112.html,lazada,Epson,lazada_Epson_080,EPSON A4 ECOTANK PRINTER L4360 | WIFI | PRINT | SCAN | COPY | DUPLEX PRINT | INKTANK PRINTER | Lazada Singapore,https://img.lazcdn.com/g/p/52b9d3fc0c768a4d971da6e92ee729fc.png_720x720q80.png_.webp,,,
https://www.ebay.com/itm/265836043650,ebay,Epson,ebay_Epson_081,Epson EcoTank Sublimation Printer Bundle | All-In-One Printer | Color | USB 2.0 | Scanner | Dye Sublimation | Sublimation Ink + Paper | 1200 x 2400 DPI | 10-19 ppm | A4 (210 x 297 mm),https://i.ebayimg.com/images/g/QbMAAeSwSlpn8-DK/s-l400.jpg,https://i.ebayimg.com/images/g/QbMAAeSwSlpn8-DK/s-l1600.webp,https://i.ebayimg.com/images/g/QbMAAeSwSlpn8-DK/s-l140.webp,https://i.ebayimg.com/images/g/z3wAAeSwpUJn8-DK/s-l140.webp
https://www.ebay.com/itm/176784135909,ebay,Epson,ebay_Epson_082,Epson WorkForce WF-2850 All-In-One Inkjet Printer 10343945944| eBay,https://i.ebayimg.com/images/g/x3sAAOSwOnVj7016/s-l500.jpg,https://i.ebayimg.com/images/g/x3sAAOSwOnVj7016/s-l500.webp,https://i.ebayimg.com/thumbs/images/g/s3MAAeSwKStpE1kH/s-l96.jpg,https://i.ebayimg.com/thumbs/images/g/gTkAAeSwXZlo4JOE/s-l96.jpg
https://www.ebay.com/itm/177375608537,ebay,Epson,ebay_Epson_083,Epson Expression Home XP-4105  Wireless All-in-One Color Inkjet Printer 10343947221| eBay,https://i.ebayimg.com/images/g/RHoAAOSwMxxdLFhq/s-l500.jpg,https://i.ebayimg.com/images/g/RHoAAOSwMxxdLFhq/s-l960.webp,https://i.ebayimg.com/images/g/1tIAAOSweM5kSqsu/s-l200.jpg,https://i.ebayimg.com/images/g/0lcAAOSwFuxlhJGO/s-l100.jpg
https://www.ebay.com/itm/197745389323,ebay,Epson,ebay_Epson_084,Epson Printer with DTF ink Heat Press 15x15 Pro Printing T-shirt Full Kit Bundle | eBay,https://i.ebayimg.com/images/g/HEgAAeSwcSpor4u~/s-l400.jpg,https://i.ebayimg.com/images/g/HEgAAeSwcSpor4u~/s-l1600.webp,https://i.ebayimg.com/images/g/1tIAAOSweM5kSqsu/s-l200.jpg,https://i.ebayimg.com/images/g/D9YAAOSw-VBm~P77/s-l100.jpg
https://www.ebay.com/itm/196416401890,ebay,Epson,ebay_Epson_085,Epson Printer with DTF ink for Heat Transfer Print T-Shirt Maker Bundle / | eBay,https://i.ebayimg.com/images/g/2hAAAOSwrRdm9RAf/s-l400.jpg,https://i.ebayimg.com/images/g/2hAAAOSwrRdm9RAf/s-l1600.webp,https://i.ebayimg.com/images/g/rOIAAeSwlBxoiFgb/s-l200.jpg,https://i.ebayimg.com/images/g/ZP8AAOSwK45lgoRT/s-l100.jpg
https://www.ebay.com/itm/205724255060,ebay,Epson,ebay_Epson_086,Epson Printer with DTF Ink Heat Transfer Color T-Shirt Maker Starter Kit | eBay,https://i.ebayimg.com/images/g/OWUAAOSwi5pn0mf~/s-l400.jpg,https://i.ebayimg.com/images/g/OWUAAOSwi5pn0mf~/s-l1600.webp,https://i.ebayimg.com/images/g/1tIAAOSweM5kSqsu/s-l200.jpg,https://i.ebayimg.com/images/g/HEgAAeSwcSpor4u~/s-l100.jpg
https://www.ebay.com/itm/334873663161,ebay,Epson,ebay_Epson_087,Epson EcoTank L8050 Compact Photo Printer  Fast 6 Colors A4 size No Tariff In US | eBay,https://i.ebayimg.com/images/g/15cAAOSwCQdlngOu/s-l400.jpg,https://i.ebayimg.com/images/g/15cAAOSwCQdlngOu/s-l960.webp,https://i.ebayimg.com/thumbs/images/g/tVkAAOSw7xNmaDG3/s-l96.jpg,https://i.ebayimg.com/thumbs/images/g/zLYAAeSweWJoq~Nu/s-l96.jpg
https://www.ebay.com/itm/204434537600,ebay,Epson,ebay_Epson_088,Epson PictureMate PM-520 Photo Printer | eBay,https://i.ebayimg.com/images/g/cLYAAOSwlANk4bgy/s-l400.jpg,https://i.ebayimg.com/images/g/cLYAAOSwlANk4bgy/s-l1600.webp,https://i.ebayimg.com/images/g/1tIAAOSweM5kSqsu/s-l200.jpg,https://i.ebayimg.com/images/g/b4sAAOSwgzFnopXx/s-l100.jpg
https://www.ebay.com/itm/176873979538,ebay,Epson,ebay_Epson_089,"Epson Workforce WF-2850 All-in-One Wireless Color Inkjet Printer,Brand NEW 10343945968| eBay",https://i.ebayimg.com/images/g/lRYAAOSwCz9gxw-V/s-l500.jpg,https://i.ebayimg.com/images/g/lRYAAOSwCz9gxw-V/s-l960.webp,https://i.ebayimg.com/images/g/1tIAAOSweM5kSqsu/s-l200.jpg,https://i.ebayimg.com/images/g/0lcAAOSwFuxlhJGO/s-l100.jpg
https://ebay.com/itm/123456,ebay,Epson,ebay_Epson_090,We looked everywhere.,http://i.ebayimg.com/00/s/MTUwMFgxMjAw/z/8ScAAOSw-ANlzRIW/$_1.PNG?set_id=2,,,
https://www.amazon.sg/HP-LaserJet-M111w-Monochrome-Bluetooth/dp/B09R255LSH/ref=sr_1_2,amazon,HP,amazon_HP_091,"HP LaserJet M111w - A4 Monochrome Laser Printer. Print. WiFi and Bluetooth. Apple Airprint™, Mopria™ and WiFi Direct. White color",https://m.media-amazon.com/images/I/61I34a1bqdL._AC_SX425_.jpg,https://m.media-amazon.com/images/I/61I34a1bqdL._AC_SX522_.jpg,https://m.media-amazon.com/images/I/61I34a1bqdL._AC_SX450_.jpg,https://m.media-amazon.com/images/I/61I34a1bqdL._AC_SX679_.jpg
https://www.amazon.sg/Launch-HP-DeskJet-2821eAll-Printer/dp/B0CFFWJHMF/ref=sr_1_1,amazon,HP,amazon_HP_092,New Launch HP DeskJet 2821eAll-in-One Printer,https://m.media-amazon.com/images/I/815pzMDFE4L._AC_SX425_.jpg,https://m.media-amazon.com/images/I/815pzMDFE4L._AC_SX425_.jpg,https://m.media-amazon.com/images/I/815pzMDFE4L._AC_SX522_.jpg,https://m.media-amazon.com/images/I/815pzMDFE4L._AC_SX569_.jpg
https://www.amazon.sg/HP-Smart-Tank-All-One/dp/B0C4SXW32B/ref=sr_1_3,amazon,HP,amazon_HP_093,"HP Smart Tank 580 - A4 All-in-One Wireless Smart Tank Color Printer. Wi-Fi and Bluetooth, Print, Scan and Copy, black and white color",https://m.media-amazon.com/images/I/41LriyZ1kwL._AC_SX425_.jpg,https://m.media-amazon.com/images/I/41LriyZ1kwL._AC_SX679_.jpg,https://m.media-amazon.com/images/I/41LriyZ1kwL._AC_SX355_.jpg,https://m.media-amazon.com/images/I/41LriyZ1kwL._AC_SX425_.jpg
https://www.amazon.sg/HP-OfficeJet-Pro-8020e-All/dp/B0B5LXHD66/ref=sr_1_4,amazon,HP,amazon_HP_094,"HP OfficeJet Pro 8020e - A4 All-in-One Instant Ink Color Ink Cartridge Printer. Print/Scan/Copy/Fax ADF. 2-sided print. WiFi and Ethernet. Apple Airprint™, Mopria™ and WiFi Direct. White color",https://m.media-amazon.com/images/I/51vgEy3szgL._AC_SX425_.jpg,https://m.media-amazon.com/images/I/51vgEy3szgL._AC_SX450_.jpg,https://m.media-amazon.com/images/I/51vgEy3szgL._AC_SX522_.jpg,https://m.media-amazon.com/images/I/51vgEy3szgL._AC_SX569_.jpg
https://www.amazon.sg/HP-6055e-Wireless-Printer-Renewed/dp/B0BMJDF212/ref=sr_1_5,amazon,HP,amazon_HP_095,HP ENVY 6055e Wireless Colour All-in-One Printer with 3 Months Free Ink with HP+ (223N1A) (Renewed),https://m.media-amazon.com/images/I/61cVmEV+LTL._AC_SX425_.jpg,https://m.media-amazon.com/images/I/61cVmEV+LTL._AC_SX425_.jpg,https://m.media-amazon.com/images/I/61cVmEV+LTL._AC_SX450_.jpg,https://m.media-amazon.com/images/I/61cVmEV+LTL._AC_SX679_.jpg
https://www.amazon.sg/HP-Envy-6130e-Wireless-Multifunction/dp/B0F483PGKT/ref=sr_1_10,amazon,HP,amazon_HP_096,HP Envy 6130e Wireless Inkjet Multifunction Printer,https://m.media-amazon.com/images/I/41WL4kGCejL._AC_SX425_.jpg,https://m.media-amazon.com/images/I/41WL4kGCejL._AC_SX679_.jpg,https://m.media-amazon.com/images/I/41WL4kGCejL._AC_SX466_.jpg,https://m.media-amazon.com/images/I/41WL4kGCejL._AC_SX425_.jpg
https://www.amazon.sg/HP-Smart-Tank-All-One/dp/B0C32ZWDXT/ref=sr_1_6,amazon,HP,amazon_HP_097,"HP Smart Tank 720 - A4 All-in-One Wireless Smart Tank Color Duplex Printer. 2-sided print. Wi-Fi and Bluetooth, Print, Scan and Copy, black and white color",https://m.media-amazon.com/images/I/51DnnyHby9L._AC_SX425_.jpg,https://m.media-amazon.com/images/I/51DnnyHby9L._AC_SX466_.jpg,https://m.media-amazon.com/images/I/51DnnyHby9L._AC_SX569_.jpg,https://m.media-amazon.com/images/I/51DnnyHby9L._AC_SX425_.jpg
https://www.amazon.sg/HP-Smart-Tank-All-One/dp/B07TSQJ1TC/ref=sr_1_7,amazon,HP,amazon_HP_098,"HP Smart Tank 615 - A4 All-in-One Wireless Smart Tank Color Printer. Wi-Fi and Bluetooth, Print, Scan, Copy and Fax with ADF, black color",https://m.media-amazon.com/images/I/51BVbscCMvL._AC_SX425_.jpg,https://m.media-amazon.com/images/I/51BVbscCMvL._AC_SX569_.jpg,https://m.media-amazon.com/images/I/51BVbscCMvL._AC_SX355_.jpg,https://m.media-amazon.com/images/I/51BVbscCMvL._AC_SX466_.jpg
https://www.amazon.sg/HP-LaserJet-M141w-All-One/dp/B0B5LZ8GQQ/ref=sr_1_8,amazon,HP,amazon_HP_099,"HP LaserJet M141w - A4 All-in-One Monochrome Laser Printer. Print/Scan/Copy. WiFi and Bluetooth. Apple Airprint™, Mopria™ and WiFi Direct. White color",https://m.media-amazon.com/images/I/415lVcsl0uL._AC_SX425_.jpg,https://m.media-amazon.com/images/I/415lVcsl0uL._AC_SX425_.jpg,https://m.media-amazon.com/images/I/415lVcsl0uL._AC_SX522_.jpg,https://m.media-amazon.com/images/I/415lVcsl0uL._AC_SX450_.jpg
https://www.amazon.sg/HP-LaserJet-M236dw-All-One/dp/B0769FK4CH/ref=sr_1_9,amazon,HP,amazon_HP_100,"HP LaserJet MFP M236dw - A4 All-in-One Monochrome Laser Printer. Print/Scan/Copy. 2-sided print. WiFi, Bluetooth and Ethernet. Apple Airprint™, Mopria™ and WiFi Direct. White color",https://m.media-amazon.com/images/I/51RUYLgXYlL._AC_SX425_.jpg,https://m.media-amazon.com/images/I/51RUYLgXYlL._AC_SX522_.jpg,https://m.media-amazon.com/images/I/51RUYLgXYlL._AC_SX450_.jpg,https://m.media-amazon.com/images/I/51RUYLgXYlL._AC_SX679_.jpg
https://www.lazada.sg/products/pdp-i1218206264.html,lazada,HP,lazada_HP_101,"HP Envy 6130e | 6530e | Free $20 eVouchers | Automatic duplex printing, Print, copy, scan, mobile fax | 1-year local Singapore warranty provided directly by HP | Replacement cartridges HP 68 Black HP 68 Color HP 68e EvoMore | 714P2A 6130e | 714P2A 6530e | Lazada Singapore",https://img.lazcdn.com/g/ff/kf/S2fa7d007cdff4b35bf540a6c82f6713fZ.png_720x720q80.png_.webp,,,
https://www.lazada.sg/products/pdp-i3575109650.html,lazada,HP,lazada_HP_102,HP Color Laser Printer CP5225 Enterprise CP5520 CP5525 M750 700 M775 CP5225n CP5225dn CP5525dn CP5525n Transfer Cleaning Blade | Lazada Singapore,https://img.lazcdn.com/g/p/cf6efecbbfa8a7a2b1fef061476bfc10.jpg_720x720q80.jpg_.webp,,,
https://www.lazada.sg/products/pdp-i278921568.html,lazada,HP,lazada_HP_103,"HP DeskJet 2821e | Color InkJet Printer | Print, Copy, Scan, Wireless | 1-year local Singapore manufacturer's warranty provided direct Supplies HP 67 Tri-color HP 67 Black HP 67XL Black HP 67XL Tri-color | hp 2821 hp 2821e 2821 DJ2821 D2821 DJ2821e D2821e | Lazada Singapore",https://img.lazcdn.com/g/ff/kf/S7f2cd41d2c794af09784508a24c66db6t.png_720x720q80.png_.webp,,,
https://www.lazada.sg/products/pdp-i243769468.html,lazada,HP,lazada_HP_104,HP LaserJet M111w Wireless Mono Laser Printer | Print Only | Laser | Black & white single function| One-year warranty by HP Singapore Direct | USB | Wireless | Print speed up to 20 ppm (black) | 7MD68A | Replacement Cartridges 150A W1500A | 111 111w m111 | Lazada Singapore,https://img.lazcdn.com/g/ff/kf/S548f36738d684c148faac0b2285eb8101.jpg_720x720q80.jpg_.webp,,,
https://www.lazada.sg/products/pdp-i1238804788.html,lazada,HP,lazada_HP_105,"New Launch HP Envy 6530e All-in-One Printer Free $20 eVouchers | Print, copy, scan, mobile fax | 1-year local Singapore manufacturer's warranty provided directly by HP | Replacement cartridges HP 68 & HP 68e EvoMore | 714P2A | Lazada Singapore",https://img.lazcdn.com/g/ff/kf/S99b689cde8844fa2b951b5788e30deafq.png_720x720q80.png_.webp,,,
https://www.lazada.sg/products/pdp-i1272758710.html,lazada,HP,lazada_HP_106,"HP Envy 6020e Printer | A4 | AirPrint, USB, WWCB , Wi-Fi | Print, Copy, Scan, Fax, Auto two-sided Printing | Lazada Singapore",https://img.lazcdn.com/g/p/c3761f0a4ae1c4e20d9643704bcc0aad.png_720x720q80.png_.webp,,,
https://www.lazada.sg/products/pdp-i308366213.html,lazada,HP,lazada_HP_107,HP LaserJet Pro M111w Printer  A4  USB; Wireless (Wi-Fi)  Print Only | Lazada Singapore,https://img.lazcdn.com/g/p/c11ef1e554874abd65968d79c2678bb8.jpg_720x720q80.jpg_.webp,,,
https://www.lazada.sg/products/pdp-i6316808.html,lazada,HP,lazada_HP_108,HP DeskJet DJ 2821e 2821 All-in-One Printer Print Scan Copy Wireless Printer 2722e 2722 2723e 2723 1 Year SG Warranty | Lazada Singapore,https://img.lazcdn.com/g/p/08eacdbc059889c09e52413aa113221b.png_720x720q80.png_.webp,,,
https://www.lazada.sg/products/pdp-i2706503557.html,lazada,HP,lazada_HP_109,HP Smart Tank 580 All-in-One Printer | Free $20 eCapitaVouchers|  Print Copy Scan Wireless |  USB | 2 years on-site unit exchange warranty by HP Singapore Direct |  HP GT53XL Black GT52 Cyan GT52 Yellow GT52 Magenta Original Ink Bottle 580 | Lazada Singapore,https://img.lazcdn.com/g/ff/kf/Sdbb6c337895647cf88f69716c455adc6D.jpg_720x720q80.jpg_.webp,,,
https://www.lazada.sg/products/pdp-i3251725229.html,lazada,HP,lazada_HP_110,HP M111w Wireless Mono Laser Printer - Single function printer -- One Year Warranty | USB | Wireless | Print speedup to 20 ppm (black) | 7MD68A | Replacement Cartridges HP W1500A toner | Lazada Singapore,https://img.lazcdn.com/g/p/d6649a5cf4d6b6ba3b4a5fd80909fa3c.jpg_720x720q80.jpg_.webp,,,
https://www.ebay.com/itm/174481332309,ebay,HP,ebay_HP_111,HP LaserJet P4015N Monochrome Network Laser Printer CB509A | eBay,https://i.ebayimg.com/images/g/B2sAAOSwY8ZmAwjG/s-l400.jpg,https://i.ebayimg.com/images/g/B2sAAOSwY8ZmAwjG/s-l500.webp,https://i.ebayimg.com/images/g/6qYAAOSw70lk4siz/s-l200.jpg,https://i.ebayimg.com/images/g/UgIAAOSwd8Nm2CG~/s-l100.jpg
https://www.ebay.com/itm/146968701987,ebay,HP,ebay_HP_112,HP DeskJet 2852e Wireless Inkjet Color Standard All-In-One Desk Jet Printer | eBay,https://i.ebayimg.com/images/g/rlAAAeSwwHxo-U-1/s-l400.jpg,https://i.ebayimg.com/images/g/rlAAAeSwwHxo-U-1/s-l500.webp,https://i.ebayimg.com/images/g/brgAAOSwo5Rj4tX0/s-l200.jpg,https://i.ebayimg.com/images/g/S2oAAOSwoeZmIXm4/s-l100.jpg
https://www.ebay.com/itm/135849081171,ebay,HP,ebay_HP_113,HP HP-OJPRO9128E-RB OfficeJet Pro 9128e All-in-One Printer-Certified Refurbished | eBay,https://i.ebayimg.com/images/g/xYUAAeSwkvtoMPm~/s-l400.jpg,https://i.ebayimg.com/images/g/xYUAAeSwkvtoMPm~/s-l500.webp,https://i.ebayimg.com/images/g/brgAAOSwo5Rj4tX0/s-l200.jpg,https://i.ebayimg.com/images/g/~4gAAOSw~5Zms9Tt/s-l100.jpg
https://www.ebay.com/itm/156804942660,ebay,HP,ebay_HP_114,HP DeskJet 2855e All-in-One Printer w/ 3 Months Instant Ink for free w/ HP+ | eBay,https://i.ebayimg.com/images/g/BjQAAeSwPGtpIevy/s-l400.jpg,https://i.ebayimg.com/images/g/BjQAAeSwPGtpIevy/s-l500.webp,https://i.ebayimg.com/images/g/1tIAAOSweM5kSqsu/s-l200.jpg,https://i.ebayimg.com/images/g/IugAAeSwS6xpA7hX/s-l100.jpg
https://www.ebay.com/itm/297677278508,ebay,HP,ebay_HP_115,NEW SEALED HP C4780 WIRELESS PHOTO PRINTER PRINT SCAN COPY ALL-IN-ONE INKJET | eBay,https://i.ebayimg.com/images/g/W78AAeSwz59o6sAP/s-l400.jpg,https://i.ebayimg.com/images/g/W78AAeSwz59o6sAP/s-l500.webp,https://i.ebayimg.com/images/g/brgAAOSwo5Rj4tX0/s-l200.jpg,https://i.ebayimg.com/images/g/2I8AAOSwyjNl6ylx/s-l100.jpg
https://ebay.com/itm/123456,ebay,HP,ebay_HP_116,We looked everywhere.,http://i.ebayimg.com/00/s/MTUwMFgxMjAw/z/8ScAAOSw-ANlzRIW/$_1.PNG?set_id=2,,,
https://www.ebay.com/itm/174482682078,ebay,HP,ebay_HP_117,HP LaserJet Pro 400 M401n Network Laser Printer CZ195A w/ NEW Toner 603784244051| eBay,https://i.ebayimg.com/images/g/6JAAAOSwWehlB1a9/s-l400.jpg,https://i.ebayimg.com/images/g/6JAAAOSwWehlB1a9/s-l1600.webp,https://i.ebayimg.com/images/g/6qYAAOSw70lk4siz/s-l200.jpg,https://i.ebayimg.com/images/g/KtMAAOSw2lBlTgHT/s-l100.jpg
https://www.ebay.com/itm/187471011659,ebay,HP,ebay_HP_118,HP LaserJet 600 M602 CE993A Workgroup Laser Printer 58k prints | eBay,https://i.ebayimg.com/images/g/iOsAAeSwYodolOwp/s-l400.jpg,https://i.ebayimg.com/images/g/iOsAAeSwYodolOwp/s-l1600.webp,https://i.ebayimg.com/images/g/6qYAAOSw70lk4siz/s-l200.jpg,https://i.ebayimg.com/images/g/fVkAAOSwzzNkGcJA/s-l100.jpg
https://www.ebay.com/itm/174481332311,ebay,HP,ebay_HP_119,HP LaserJet P2055dn Workgroup Laser Printer CE459A w/ NEW Toner | eBay,https://i.ebayimg.com/images/g/5LYAAOSw7oRlCwAZ/s-l400.jpg,https://i.ebayimg.com/images/g/5LYAAOSw7oRlCwAZ/s-l500.webp,https://i.ebayimg.com/images/g/6qYAAOSw70lk4siz/s-l200.jpg,https://i.ebayimg.com/images/g/YJAAAOSwZupnfPlT/s-l100.jpg
https://www.ebay.com/itm/374985092784,ebay,HP,ebay_HP_120,HP OFFICEJET 250 MOBILE ALL-IN-ONE PORTABLE PRINTER/COPIER/SCANNER BLUETOOTH | eBay,https://i.ebayimg.com/images/g/GVEAAOSwiXllKD0w/s-l400.jpg,https://i.ebayimg.com/images/g/GVEAAOSwiXllKD0w/s-l1600.webp,https://i.ebayimg.com/images/g/brgAAOSwo5Rj4tX0/s-l200.jpg,https://i.ebayimg.com/images/g/~4gAAOSw~5Zms9Tt/s-l100.jpg
https://www.amazon.sg/Ricoh-841337-Black-Toner-Cartridge/dp/B0001KVB4I/ref=sr_1_7,amazon,Ricoh,amazon_Ricoh_121,"Ricoh 841337 Black Toner Cartridge Type 2120D, 11K Yield",https://m.media-amazon.com/images/I/61sNQrAJgwL._AC_SX425_.jpg,https://m.media-amazon.com/images/I/61sNQrAJgwL._AC_SY450_.jpg,https://m.media-amazon.com/images/I/61sNQrAJgwL._AC_SX679_.jpg,https://m.media-amazon.com/images/I/61sNQrAJgwL._AC_SX466_.jpg
https://www.amazon.sg/ASEKER-Compatible-Cartridge-Printer-407254/dp/B0CF1K7SB1/ref=sr_1_5,amazon,Ricoh,amazon_Ricoh_122,Compatible Toner Cartridge for Ricoh SP 200 201 202 203 204 210 211 211 212 213 s n w nw SN SNW SF SFw SFNw SU SUw Printer 407254 High Yields 2600 Pages (Black x 1),https://m.media-amazon.com/images/I/71R1jiY8ZQL._AC_SX425_.jpg,https://m.media-amazon.com/images/I/71R1jiY8ZQL._AC_SX466_.jpg,https://m.media-amazon.com/images/I/71R1jiY8ZQL._AC_SX425_.jpg,https://m.media-amazon.com/images/I/71R1jiY8ZQL._AC_SY355_.jpg
https://www.amazon.sg/C2003-C2503-Cartridge-Magenta-Yellow/dp/B0CSJYJGN5/ref=sr_1_9,amazon,Ricoh,amazon_Ricoh_123,"MP C2003 C2503 Toner Cartridge Black Cyan Magenta Yellow - Replacement for Ricoh C2003 C2503 841918 841921 841920 841919 High Yield for Lanier Savin MP C2503 C2003 C2004 C2504 Printer,4 Pack",https://m.media-amazon.com/images/I/81c+MLe9s0L._AC_SX522_.jpg,https://m.media-amazon.com/images/I/81c+MLe9s0L._AC_SY450_.jpg,https://m.media-amazon.com/images/I/81c+MLe9s0L._AC_SX679_.jpg,https://m.media-amazon.com/images/I/81c+MLe9s0L._AC_SX466_.jpg
https://www.amazon.sg/Ricoh-D2RDD-W10SP-792552-Printer-Spindle/dp/B000CEX3BW/ref=sr_1_3,amazon,Ricoh,amazon_Ricoh_124,Ricoh DVD+R D2RDD-W10SP (792552) Printer for 8x Data with 10 Spindle Case,https://m.media-amazon.com/images/I/21GDXNYB4EL._AC_.jpg,https://m.media-amazon.com/images/I/21GDXNYB4EL._AC_.jpg,,
https://www.amazon.sg/Ricoh-406666-Printer-Fuser-Unit/dp/B003VN0YUE/ref=sr_1_4,amazon,Ricoh,amazon_Ricoh_125,Ricoh 406666 Printer Fuser Unit Type SP C430,https://m.media-amazon.com/images/I/51t9gF3uM2S._AC_SX425_.jpg,https://m.media-amazon.com/images/I/51t9gF3uM2S._AC_SX450_.jpg,https://m.media-amazon.com/images/I/51t9gF3uM2S._AC_SX679_.jpg,https://m.media-amazon.com/images/I/51t9gF3uM2S._AC_SX425_.jpg
https://www.amazon.sg/Cartridges-Replacement-MPC2503-MPC2504-MPC2003/dp/B0FMDDGVW8/ref=sr_1_6,amazon,Ricoh,amazon_Ricoh_126,High Yield MP C2503 MP C2504 MP C2003 Toner Cartridges C2503H 841918 841919 841920 841921 Replacement for Ricoh MPC2503 MPC2504 MPC2003 MPC2004 Printer Toner,https://m.media-amazon.com/images/I/71aH+3QwKLL._AC_SX522_.jpg,https://m.media-amazon.com/images/I/71aH+3QwKLL._AC_SX522_.jpg,https://m.media-amazon.com/images/I/71aH+3QwKLL._AC_SX569_.jpg,https://m.media-amazon.com/images/I/71aH+3QwKLL._AC_SY355_.jpg
https://www.amazon.sg/Ricoh-Aficio-Printer-SP-C811DN-T3/dp/B000M556U2/ref=sr_1_2,amazon,Ricoh,amazon_Ricoh_127,Ricoh Aficio Color Laser Printer (SP C811DN-T3),https://m.media-amazon.com/images/I/31S9YGsCD9L._AC_.jpg,https://m.media-amazon.com/images/I/31S9YGsCD9L._AC_.jpg,,
https://www.amazon.sg/Ricoh-841849-Laser-Printer-Cartridge/dp/B07118BGLD/ref=sr_1_8,amazon,Ricoh,amazon_Ricoh_128,Ricoh 841849 Laser Printer Toner Cartridge,https://m.media-amazon.com/images/I/61pEnRX+qpL._AC_SX425_.jpg,https://m.media-amazon.com/images/I/61pEnRX+qpL._AC_SY355_.jpg,https://m.media-amazon.com/images/I/61pEnRX+qpL._AC_SX522_.jpg,https://m.media-amazon.com/images/I/61pEnRX+qpL._AC_SX679_.jpg
https://www.amazon.sg/Ricoh-Network-Print-Server-002348MIU/dp/B000BFHWSM/ref=sr_1_10,amazon,Ricoh,amazon_Ricoh_129,Ricoh Network Print Server 002348MIU,https://m.media-amazon.com/images/I/21ShmrHsVDL._AC_.jpg,https://m.media-amazon.com/images/I/21ShmrHsVDL._AC_.jpg,,
https://www.amazon.sg/SP4100NL-B-w-Laser-Printer/dp/B001BHSIDW/ref=sr_1_1,amazon,Ricoh,amazon_Ricoh_130,SP4100NL B/w Laser Printer,https://m.media-amazon.com/images/I/610NAnrng7L._AC_SX425_.jpg,https://m.media-amazon.com/images/I/610NAnrng7L._AC_SX679_.jpg,https://m.media-amazon.com/images/I/610NAnrng7L._AC_SX466_.jpg,https://m.media-amazon.com/images/I/610NAnrng7L._AC_SX425_.jpg
https://www.lazada.sg/products/pdp-i3576690213.html,lazada,Ricoh,lazada_Ricoh_131,Ricoh m2700 m2701 m2702 Black and White Copier A3 Printer Office Double-Sided Automatic Wireless | Lazada Singapore,https://img.lazcdn.com/g/p/7617b07f1e3331146fd33563b7448ebb.jpg_webp_720x720q80.jpg_.webp,,,
https://www.lazada.sg/products/pdp-i3495117879.html,lazada,Ricoh,lazada_Ricoh_132,Ricoh A3 Color Black White Laser Printing Copying Commercial Office Multifunctional Machine High Speed Copying Scanning | Lazada Singapore,https://img.lazcdn.com/g/ff/kf/S082f493bb49c4d79a5fc3048fcb04da6g.jpg_720x720q80.jpg_.webp,,,
https://www.ebay.com/itm/267476598667,ebay,Ricoh,ebay_Ricoh_141,Genuine OEM Ricoh Toner Black 842251 For Ricoh IM C3000/C3500 Free US Shipping | eBay,https://i.ebayimg.com/images/g/eUgAAeSwjjFpF-wN/s-l400.jpg,https://i.ebayimg.com/images/g/eUgAAeSwjjFpF-wN/s-l1600.webp,https://i.ebayimg.com/images/g/eUgAAeSwjjFpF-wN/s-l140.webp,https://i.ebayimg.com/images/g/zdkAAeSw~EVpF-ui/s-l140.webp
https://www.ebay.com/itm/277464484200,ebay,Ricoh,ebay_Ricoh_142,4Pk TCT Premium C830 BCMY for Ricoh Aficio SP C830 C831 Compatible Toner | eBay,https://i.ebayimg.com/images/g/a5kAAeSwPvRpE0Jf/s-l400.jpg,https://i.ebayimg.com/images/g/a5kAAeSwPvRpE0Jf/s-l500.webp,https://i.ebayimg.com/images/g/6qYAAOSw70lk4siz/s-l200.jpg,https://i.ebayimg.com/images/g/~l4AAOSwgP1mRwLs/s-l100.jpg
https://www.ebay.com/itm/389271630644,ebay,Ricoh,ebay_Ricoh_143,Ricoh MP C6502 Color Laser Multifunction Printer (MFP) | eBay,https://i.ebayimg.com/images/g/J4UAAeSwcvVpIkcA/s-l400.jpg,https://i.ebayimg.com/images/g/J4UAAeSwcvVpIkcA/s-l1600.webp,https://i.ebayimg.com/images/g/og4AAeSwKNRpDUo-/s-l200.jpg,https://i.ebayimg.com/images/g/A3QAAOSw6SRoP4Hw/s-l100.jpg
https://www.ebay.com/itm/277464484443,ebay,Ricoh,ebay_Ricoh_144,2Pk TCT 406683 For Ricoh SP5200 SP 5200DN 5210SF Black Compatible Toner | eBay,https://i.ebayimg.com/images/g/zwYAAeSwKkRpE0Hc/s-l400.jpg,https://i.ebayimg.com/images/g/zwYAAeSwKkRpE0Hc/s-l500.webp,https://i.ebayimg.com/images/g/6qYAAOSw70lk4siz/s-l200.jpg,https://i.ebayimg.com/images/g/JkYAAOSwyNVm4A6n/s-l100.jpg
https://www.ebay.com/itm/226927252007,ebay,Ricoh,ebay_Ricoh_145,Ricoh Pro8300S 8300S copier printer scanner - 96 ppm - Only 499K copy count | eBay,https://i.ebayimg.com/images/g/xoAAAeSwNjNoozlf/s-l400.jpg,https://i.ebayimg.com/images/g/xoAAAeSwNjNoozlf/s-l1600.webp,https://i.ebayimg.com/images/g/og4AAeSwKNRpDUo-/s-l200.jpg,https://i.ebayimg.com/images/g/jDMAAOSwasBoIo-z/s-l100.jpg
https://www.ebay.com/itm/187470851361,ebay,Ricoh,ebay_Ricoh_146,Ricoh MP C3504 Color Copier Printer Scanner 2019  with Finisher 32k copies | eBay,https://i.ebayimg.com/images/g/JvIAAeSwY0ZolNGI/s-l400.jpg,https://i.ebayimg.com/images/g/JvIAAeSwY0ZolNGI/s-l1600.webp,https://i.ebayimg.com/images/g/og4AAeSwKNRpDUo-/s-l200.jpg,https://i.ebayimg.com/images/g/zz4AAOSwv-JcuQP3/s-l100.jpg
https://www.ebay.com/itm/267433043314,ebay,Ricoh,ebay_Ricoh_147,Genuine Ricoh SET KYMC TONER CARTRIDGES MP C6003s 841865 841866 841867 841868 | eBay,https://i.ebayimg.com/images/g/g8EAAOSwQgFjNWyv/s-l400.jpg,https://i.ebayimg.com/images/g/g8EAAOSwQgFjNWyv/s-l500.webp,https://i.ebayimg.com/images/g/6qYAAOSw70lk4siz/s-l200.jpg,https://i.ebayimg.com/images/g/GmsAAOSwlOFmUmyf/s-l100.jpg
https://www.ebay.com/itm/267300667387,ebay,Ricoh,ebay_Ricoh_148,Ricoh P502 - Monochrome Network Laser Printer Letter 45ppm | eBay,https://i.ebayimg.com/images/g/gx0AAOSwk25nbXVq/s-l400.jpg,https://i.ebayimg.com/images/g/gx0AAOSwk25nbXVq/s-l1600.webp,https://i.ebayimg.com/images/g/brgAAOSwo5Rj4tX0/s-l200.jpg,https://i.ebayimg.com/images/g/E0AAAOSwTz5oMLRq/s-l100.jpg
https://www.ebay.com/itm/277464484015,ebay,Ricoh,ebay_Ricoh_149,4Pk TCT Premium C3003 BCMY for Ricoh Aficio MP C3003 3503 Compatible Toner | eBay,https://i.ebayimg.com/images/g/TNgAAeSwYNtpE0Ix/s-l400.jpg,https://i.ebayimg.com/images/g/TNgAAeSwYNtpE0Ix/s-l1600.webp,https://i.ebayimg.com/images/g/6qYAAOSw70lk4siz/s-l200.jpg,https://i.ebayimg.com/images/g/OxkAAOSwg2FkLrIJ/s-l100.jpg
https://ebay.com/itm/123456,ebay,Ricoh,ebay_Ricoh_150,We looked everywhere.,http://i.ebayimg.com/00/s/MTUwMFgxMjAw/z/8ScAAOSw-ANlzRIW/$_1.PNG?set_id=2,,,
https://www.amazon.sg/Epson-EcoTank-L3250-All-One/dp/B09T3Q54YH/ref=sr_1_6,amazon,Samsung,amazon_Samsung_151,"Epson EcoTank L3250 - A4 All-in-One Ink Tank Printer. Print, scan and copy, Wi-Fi & Wi-Fi Direct, black color",https://m.media-amazon.com/images/I/61hbo27GjnL._AC_SX425_.jpg,https://m.media-amazon.com/images/I/61hbo27GjnL._AC_SX466_.jpg,https://m.media-amazon.com/images/I/61hbo27GjnL._AC_SX569_.jpg,https://m.media-amazon.com/images/I/61hbo27GjnL._AC_SX450_.jpg
https://www.amazon.sg/Brother-HL-L2460DW-Single-Function-Printer/dp/B0CV4YX3P3/ref=sr_1_5,amazon,Samsung,amazon_Samsung_152,Brother HL-L2460DW Single Function Mono Laser Printer,https://m.media-amazon.com/images/I/61+zYgrTvlL._AC_SX425_.jpg,https://m.media-amazon.com/images/I/61+zYgrTvlL._AC_SX679_.jpg,https://m.media-amazon.com/images/I/61+zYgrTvlL._AC_SY355_.jpg,https://m.media-amazon.com/images/I/61+zYgrTvlL._AC_SX425_.jpg
https://www.amazon.sg/HP-LaserJet-M141w-All-One/dp/B0B5LZ8GQQ/ref=sr_1_4,amazon,Samsung,amazon_Samsung_153,"HP LaserJet M141w - A4 All-in-One Monochrome Laser Printer. Print/Scan/Copy. WiFi and Bluetooth. Apple Airprint™, Mopria™ and WiFi Direct. White color",https://m.media-amazon.com/images/I/415lVcsl0uL._AC_SX425_.jpg,https://m.media-amazon.com/images/I/415lVcsl0uL._AC_SX425_.jpg,https://m.media-amazon.com/images/I/415lVcsl0uL._AC_SX522_.jpg,https://m.media-amazon.com/images/I/415lVcsl0uL._AC_SX450_.jpg
https://www.amazon.sg/Brother-DCP-1610W-All-One-Monochrome/dp/B017BKW7TS/ref=sr_1_8,amazon,Samsung,amazon_Samsung_154,Brother DCP-1610W - A4 All-in-One Monochrome Laser Printer. Print/Scan/Copy. WiFi. White color,https://m.media-amazon.com/images/I/710AmtPimuL._AC_SX425_.jpg,https://m.media-amazon.com/images/I/710AmtPimuL._AC_SX679_.jpg,https://m.media-amazon.com/images/I/710AmtPimuL._AC_SX569_.jpg,https://m.media-amazon.com/images/I/710AmtPimuL._AC_SX355_.jpg
https://www.amazon.sg/Portable-Printers-N80-Bluetooth-Compatible/dp/B0F9YBMJDV/ref=sr_1_7,amazon,Samsung,amazon_Samsung_155,"Portable Printers Wireless for Travel, N80 Wireless Thermal Printer Bluetooth Inkless Printer Support 8.5"" X 11"" US Letter & A4 Size, Compatible with iOS, Android, Laptop for Office, Home, Car, Black",https://m.media-amazon.com/images/I/71i3so9+vuL._AC_SX425_.jpg,https://m.media-amazon.com/images/I/71i3so9+vuL._AC_SX466_.jpg,https://m.media-amazon.com/images/I/71i3so9+vuL._AC_SX679_.jpg,https://m.media-amazon.com/images/I/71i3so9+vuL._AC_SY355_.jpg
https://www.amazon.sg/Launch-HP-DeskJet-2821eAll-Printer/dp/B0CFFWJHMF/ref=sr_1_3,amazon,Samsung,amazon_Samsung_156,New Launch HP DeskJet 2821eAll-in-One Printer,https://m.media-amazon.com/images/I/815pzMDFE4L._AC_SX425_.jpg,https://m.media-amazon.com/images/I/815pzMDFE4L._AC_SX425_.jpg,https://m.media-amazon.com/images/I/815pzMDFE4L._AC_SX522_.jpg,https://m.media-amazon.com/images/I/815pzMDFE4L._AC_SX569_.jpg
https://www.amazon.sg/Brother-HL-1210W-Monochrome-Printer-Print/dp/B018QG3YPM/ref=sr_1_2,amazon,Samsung,amazon_Samsung_157,Brother HL-1210W - A4 Monochrome Laser Printer. Print. WiFi. White color,https://m.media-amazon.com/images/I/71+aUDaEHRL._AC_SX425_.jpg,https://m.media-amazon.com/images/I/71+aUDaEHRL._AC_SX450_.jpg,https://m.media-amazon.com/images/I/71+aUDaEHRL._AC_SX522_.jpg,https://m.media-amazon.com/images/I/71+aUDaEHRL._AC_SX425_.jpg
https://www.amazon.sg/HP-LaserJet-M111w-Monochrome-Bluetooth/dp/B09R255LSH/ref=sr_1_1,amazon,Samsung,amazon_Samsung_158,"HP LaserJet M111w - A4 Monochrome Laser Printer. Print. WiFi and Bluetooth. Apple Airprint™, Mopria™ and WiFi Direct. White color",https://m.media-amazon.com/images/I/61I34a1bqdL._AC_SX425_.jpg,https://m.media-amazon.com/images/I/61I34a1bqdL._AC_SX522_.jpg,https://m.media-amazon.com/images/I/61I34a1bqdL._AC_SX450_.jpg,https://m.media-amazon.com/images/I/61I34a1bqdL._AC_SX679_.jpg
https://www.amazon.sg/Brother-DCP-T226-All-One-Refillable/dp/B0B38N9YZS/ref=sr_1_9,amazon,Samsung,amazon_Samsung_159,Brother DCP-T226 - A4 All-in-One Color Refillable Ink Tank Printer. Print/Scan/Copy. White color,https://m.media-amazon.com/images/I/61jj77bl7uL._AC_SX425_.jpg,https://m.media-amazon.com/images/I/61jj77bl7uL._AC_SY355_.jpg,https://m.media-amazon.com/images/I/61jj77bl7uL._AC_SX522_.jpg,https://m.media-amazon.com/images/I/61jj77bl7uL._AC_SX425_.jpg
https://www.amazon.sg/Brother-DCP-L2680DW-Multi-Function-Printer/dp/B0CV4XFGGZ/ref=sr_1_10,amazon,Samsung,amazon_Samsung_160,"Brother DCP-L2680DW Multi Function Mono Laser Printer, Print, Scan, Copy",https://m.media-amazon.com/images/I/712Ohg8psPL._AC_SX425_.jpg,https://m.media-amazon.com/images/I/712Ohg8psPL._AC_SX466_.jpg,https://m.media-amazon.com/images/I/712Ohg8psPL._AC_SX569_.jpg,https://m.media-amazon.com/images/I/712Ohg8psPL._AC_SX425_.jpg
https://www.ebay.com/itm/146975020259,ebay,Samsung,ebay_Samsung_171,Samsung Xpress M2020W Wireless Laser Monochrome Printer With Power Cord | eBay,https://i.ebayimg.com/images/g/S08AAeSwnfdpHja3/s-l400.jpg,https://i.ebayimg.com/images/g/S08AAeSwnfdpHja3/s-l500.webp,https://i.ebayimg.com/images/g/1tIAAOSweM5kSqsu/s-l200.jpg,https://i.ebayimg.com/images/g/IugAAeSwS6xpA7hX/s-l100.jpg
https://www.ebay.com/itm/277502050029,ebay,Samsung,ebay_Samsung_172,Samsung M2020W Wireless Monochrome Laser Printer Xpress Page Count: 2300 | eBay,https://i.ebayimg.com/images/g/kYsAAeSwjNRpFMey/s-l400.jpg,https://i.ebayimg.com/images/g/kYsAAeSwjNRpFMey/s-l500.webp,https://i.ebayimg.com/images/g/brgAAOSwo5Rj4tX0/s-l200.jpg,https://i.ebayimg.com/images/g/BeoAAOSwcx9l6y~y/s-l100.jpg
https://www.ebay.com/itm/136744679822,ebay,Samsung,ebay_Samsung_173,Samsung Xpress M2020W Wireless Mono Laser Printer W/Power Cord Tested | eBay,https://i.ebayimg.com/images/g/aOEAAeSwYZtosdXy/s-l400.jpg,https://i.ebayimg.com/images/g/aOEAAeSwYZtosdXy/s-l1600.webp,https://i.ebayimg.com/images/g/brgAAOSwo5Rj4tX0/s-l200.jpg,https://i.ebayimg.com/images/g/TLEAAOSw4tJeNIp8/s-l100.jpg
https://www.ebay.com/itm/286956175911,ebay,Samsung,ebay_Samsung_174,Samsung Xpress SL-C480FW All-in-One Color Laser Printer 191628385126| eBay,https://i.ebayimg.com/images/g/nJYAAOSwsm5f~Jgq/s-l500.jpg,https://i.ebayimg.com/images/g/nJYAAOSwsm5f~Jgq/s-l960.webp,https://i.ebayimg.com/images/g/1tIAAOSweM5kSqsu/s-l200.jpg,https://i.ebayimg.com/images/g/IugAAeSwS6xpA7hX/s-l100.jpg
https://www.ebay.com/itm/306059484112,ebay,Samsung,ebay_Samsung_175,Samsung Bixolon SRP-350G Direct Thermal Receipt POS Printer Serial TESTED | eBay,https://i.ebayimg.com/images/g/mYYAAOSwlG1ncUku/s-l400.jpg,https://i.ebayimg.com/images/g/mYYAAOSwlG1ncUku/s-l1600.webp,https://i.ebayimg.com/images/g/brgAAOSwo5Rj4tX0/s-l200.jpg,https://i.ebayimg.com/images/g/iaUAAOSw0QFi1bA8/s-l100.jpg
https://www.ebay.com/itm/116808001810,ebay,Samsung,ebay_Samsung_176,Used Samsung Xpress M2885FW WiFi Printer/Copier/Fax | eBay,https://i.ebayimg.com/images/g/SJcAAeSwrNFo3uer/s-l400.jpg,https://i.ebayimg.com/images/g/SJcAAeSwrNFo3uer/s-l1600.webp,https://i.ebayimg.com/images/g/brgAAOSwo5Rj4tX0/s-l200.jpg,https://i.ebayimg.com/images/g/SdoAAOSwQMJl6zVa/s-l100.jpg
https://www.ebay.com/itm/177582063225,ebay,Samsung,ebay_Samsung_177,Samsung SCX-4521F Stampante Laser A4 Multifunzione Fax + TONER nuovo | eBay,https://i.ebayimg.com/images/g/5yoAAeSwSXhpGd~o/s-l400.jpg,https://i.ebayimg.com/images/g/5yoAAeSwSXhpGd~o/s-l1600.webp,https://i.ebayimg.com/images/g/1tIAAOSweM5kSqsu/s-l200.jpg,https://i.ebayimg.com/images/g/IugAAeSwS6xpA7hX/s-l100.jpg
https://www.ebay.com/itm/256784153053,ebay,Samsung,ebay_Samsung_178,Samsung Xpress M2024W Wireless Monochrome Laser Printer 193015235854| eBay,https://i.ebayimg.com/images/g/SZYAAOSwE-1hbpFT/s-l500.jpg,https://i.ebayimg.com/images/g/SZYAAOSwE-1hbpFT/s-l960.webp,https://i.ebayimg.com/images/g/6qYAAOSw70lk4siz/s-l200.jpg,https://i.ebayimg.com/images/g/TWkAAOSw4vNkF~sG/s-l100.jpg
https://ebay.com/itm/123456,ebay,Samsung,ebay_Samsung_179,We looked everywhere.,http://i.ebayimg.com/00/s/MTUwMFgxMjAw/z/8ScAAOSw-ANlzRIW/$_1.PNG?set_id=2,,,
https://www.ebay.com/itm/304632495542,ebay,Samsung,ebay_Samsung_180,Samsung Bixolon SRP-350G Direct Thermal Receipt POS Printer Serial No AC Adapter | eBay,https://i.ebayimg.com/images/g/YqoAAOSwTeVjJtpK/s-l400.jpg,https://i.ebayimg.com/images/g/YqoAAOSwTeVjJtpK/s-l1600.webp,https://i.ebayimg.com/images/g/SGEAAOSw9HBmTZEg/s-l200.jpg,https://i.ebayimg.com/images/g/UzcAAOSw6xRm3BOB/s-l100.jpg
https://www.amazon.sg/Xerox-Phaser-6140-Color-Printer/dp/B002Q9OES2/ref=sr_1_5,amazon,Xerox,amazon_Xerox_181,Xerox Phaser 6140 Color Laser Printer,https://m.media-amazon.com/images/I/21jrLXQL3zL._AC_.jpg,https://m.media-amazon.com/images/I/21jrLXQL3zL._AC_.jpg,,
https://www.amazon.sg/Canon-imageCLASS-MF465dw-Wireless-Expandable/dp/B0C87J71B1/ref=sr_1_9,amazon,Xerox,amazon_Xerox_182,"Canon imageCLASS MF465dw - All in One, Wireless, Mobile Ready, Duplex Laser Printer with Expandable Paper Capacity and 3 Year Limited Warranty,White",https://m.media-amazon.com/images/I/61Td0ojaKVL._AC_SX425_.jpg,https://m.media-amazon.com/images/I/61Td0ojaKVL._AC_SY450_.jpg,https://m.media-amazon.com/images/I/61Td0ojaKVL._AC_SX569_.jpg,https://m.media-amazon.com/images/I/61Td0ojaKVL._AC_SY355_.jpg
https://www.amazon.sg/Xerox-6110MFP-Multi-Function-Printer-Scanner/dp/B000KERYXC/ref=sr_1_8,amazon,Xerox,amazon_Xerox_183,Xerox Phaser 6110MFP/X Multi-Function Color Printer/Copier/Scanner/Fax,https://m.media-amazon.com/images/I/41RrU97tT3L._AC_SX425_.jpg,https://m.media-amazon.com/images/I/41RrU97tT3L._AC_SX569_.jpg,https://m.media-amazon.com/images/I/41RrU97tT3L._AC_SX522_.jpg,https://m.media-amazon.com/images/I/41RrU97tT3L._AC_SX425_.jpg
https://www.amazon.sg/Brother-DCP-T226-All-One-Refillable/dp/B0B38N9YZS/ref=sr_1_10,amazon,Xerox,amazon_Xerox_184,Brother DCP-T226 - A4 All-in-One Color Refillable Ink Tank Printer. Print/Scan/Copy. White color,https://m.media-amazon.com/images/I/61jj77bl7uL._AC_SX425_.jpg,https://m.media-amazon.com/images/I/61jj77bl7uL._AC_SY355_.jpg,https://m.media-amazon.com/images/I/61jj77bl7uL._AC_SX522_.jpg,https://m.media-amazon.com/images/I/61jj77bl7uL._AC_SX425_.jpg
https://www.amazon.sg/Canon-Wireless-Portable-Printer-50-Sheet/dp/B0F1Z1VLV6/ref=sr_1_7,amazon,Xerox,amazon_Xerox_185,"Canon PIXMA TR160 Wireless Portable Printer, 50-Sheet Paper Tray and 1.44"" Display",https://m.media-amazon.com/images/I/71s1EKnnDmL._AC_SX425_.jpg,https://m.media-amazon.com/images/I/71s1EKnnDmL._AC_SY355_.jpg,https://m.media-amazon.com/images/I/71s1EKnnDmL._AC_SX522_.jpg,https://m.media-amazon.com/images/I/71s1EKnnDmL._AC_SX425_.jpg
https://www.amazon.sg/Xerox-Phaser-3500B-printer-laser/dp/B000B88X00/ref=sr_1_3,amazon,Xerox,amazon_Xerox_186,Xerox Phaser 3500B - printer - B/W - laser (3500/B),https://m.media-amazon.com/images/I/31FVdvMPjJL._AC_.jpg,https://m.media-amazon.com/images/I/31FVdvMPjJL._AC_.jpg,,
https://www.amazon.sg/Brother-HL-L2460DW-Single-Function-Printer/dp/B0CV4YX3P3/ref=sr_1_6,amazon,Xerox,amazon_Xerox_187,Brother HL-L2460DW Single Function Mono Laser Printer,https://m.media-amazon.com/images/I/61+zYgrTvlL._AC_SX425_.jpg,https://m.media-amazon.com/images/I/61+zYgrTvlL._AC_SX679_.jpg,https://m.media-amazon.com/images/I/61+zYgrTvlL._AC_SY355_.jpg,https://m.media-amazon.com/images/I/61+zYgrTvlL._AC_SX425_.jpg
https://www.amazon.sg/Xerox-B410-Printer-Letter-Certified/dp/B0C8BNY3CW/ref=sr_1_2,amazon,Xerox,amazon_Xerox_188,"Xerox B410 Printer, Laser, Print, Letter, Energy Star Certified, UP to 50PPM",https://m.media-amazon.com/images/I/616W3L6VbwL._AC_SX425_.jpg,https://m.media-amazon.com/images/I/616W3L6VbwL._AC_SX450_.jpg,https://m.media-amazon.com/images/I/616W3L6VbwL._AC_SX522_.jpg,https://m.media-amazon.com/images/I/616W3L6VbwL._AC_SX569_.jpg
https://www.amazon.sg/Xerox-C410DN-Printer-Letter-Certified/dp/B0C8BLXJ85/ref=sr_1_4,amazon,Xerox,amazon_Xerox_189,"Xerox C410DN Color Printer, Laser, Print, Letter, Energy Star Certified, UP to 42PPM",https://m.media-amazon.com/images/I/61v1d+dnglL._AC_SX425_.jpg,https://m.media-amazon.com/images/I/61v1d+dnglL._AC_SX450_.jpg,https://m.media-amazon.com/images/I/61v1d+dnglL._AC_SX425_.jpg,https://m.media-amazon.com/images/I/61v1d+dnglL._AC_SX679_.jpg
https://www.amazon.sg/Brother-DCP-L2640DW-Multi-Function-Printer/dp/B0CV3VZVRL/ref=sr_1_1,amazon,Xerox,amazon_Xerox_190,"Brother DCP-L2640DW Multi Function Mono Laser Printer, Print, Scan, Copy",https://m.media-amazon.com/images/I/61d8MkaCR3L._AC_SX679_.jpg,https://m.media-amazon.com/images/I/61d8MkaCR3L._AC_SX466_.jpg,https://m.media-amazon.com/images/I/61d8MkaCR3L._AC_SY450_.jpg,https://m.media-amazon.com/images/I/61d8MkaCR3L._AC_SX522_.jpg
https://www.ebay.com/itm/226881490184,ebay,Xerox,ebay_Xerox_201,Xerox VersaLink B7130 copier printer scanner -  30 ppm black and white | eBay,https://i.ebayimg.com/images/g/cI8AAeSwaIFof-lq/s-l400.jpg,https://i.ebayimg.com/images/g/cI8AAeSwaIFof-lq/s-l1600.webp,https://i.ebayimg.com/images/g/cI8AAeSwaIFof-lq/s-l140.webp,https://i.ebayimg.com/images/g/YBYAAeSwByNof-lq/s-l140.webp
https://www.ebay.com/itm/167765593612,ebay,Xerox,ebay_Xerox_202,Xerox AltaLink C8030 Laser Color Printer Copier Scan Duplex 30PPM 12x18 170k | eBay,https://i.ebayimg.com/images/g/YSwAAeSw4oFouFvL/s-l400.jpg,https://i.ebayimg.com/images/g/YSwAAeSw4oFouFvL/s-l500.webp,https://i.ebayimg.com/images/g/og4AAeSwKNRpDUo-/s-l200.jpg,https://i.ebayimg.com/images/g/BboAAOSw9sNmIx6V/s-l100.jpg
https://www.ebay.com/itm/226941790262,ebay,Xerox,ebay_Xerox_203,Xerox AltaLink C8145 color copier printer scanner  45 ppm color - Only 12K meter | eBay,https://i.ebayimg.com/images/g/kBIAAOSwcZNoFOsm/s-l400.jpg,https://i.ebayimg.com/images/g/kBIAAOSwcZNoFOsm/s-l1600.webp,https://i.ebayimg.com/images/g/og4AAeSwKNRpDUo-/s-l200.jpg,https://i.ebayimg.com/images/g/GA4AAOSwYbldKMqx/s-l100.jpg
https://www.ebay.com/itm/395669186396,ebay,Xerox,ebay_Xerox_204,"Xerox VersaLink C405 Laser Color MultiFunction Printer,With Toner | eBay",https://i.ebayimg.com/images/g/SxgAAOSwXQZm4ElC/s-l400.jpg,https://i.ebayimg.com/images/g/SxgAAOSwXQZm4ElC/s-l1600.webp,https://i.ebayimg.com/thumbs/images/g/SA4AAeSwzTloph53/s-l96.jpg,https://i.ebayimg.com/thumbs/images/g/Ht8AAOSw-Bxm4PbR/s-l96.jpg
https://www.ebay.com/itm/167765647804,ebay,Xerox,ebay_Xerox_205,Xerox AltaLink C8155 Color Copier Printer Scanner. Very Clean. 484k | eBay,https://i.ebayimg.com/images/g/UYQAAeSwqjNouGG4/s-l400.jpg,https://i.ebayimg.com/images/g/UYQAAeSwqjNouGG4/s-l1600.webp,https://i.ebayimg.com/images/g/og4AAeSwKNRpDUo-/s-l200.jpg,https://i.ebayimg.com/images/g/7N0AAOSw6eJdBDX2/s-l100.jpg
https://www.ebay.com/itm/226980908594,ebay,Xerox,ebay_Xerox_206,Xerox AltaLink C8170 color copier printer scanner  70 ppm color - Only 74K meter | eBay,https://i.ebayimg.com/images/g/zVQAAeSwYfpozBSc/s-l400.jpg,https://i.ebayimg.com/images/g/zVQAAeSwYfpozBSc/s-l500.webp,https://i.ebayimg.com/images/g/og4AAeSwKNRpDUo-/s-l200.jpg,https://i.ebayimg.com/images/g/7N0AAOSw6eJdBDX2/s-l100.jpg
https://www.ebay.com/itm/157293968089,ebay,Xerox,ebay_Xerox_207,Xerox AltaLink C8155 Color Copier Printer Scanner. Very Clean. 253k | eBay,https://i.ebayimg.com/images/g/LQ8AAeSwUQ9ouGM8/s-l400.jpg,https://i.ebayimg.com/images/g/LQ8AAeSwUQ9ouGM8/s-l1600.webp,https://i.ebayimg.com/images/g/og4AAeSwKNRpDUo-/s-l200.jpg,https://i.ebayimg.com/images/g/Z5AAAeSwfVxohAeJ/s-l100.jpg
https://www.ebay.com/itm/187756394162,ebay,Xerox,ebay_Xerox_208,Printer Xerox Versalink B405 | eBay,https://i.ebayimg.com/images/g/dYIAAeSwghlpHbjd/s-l400.jpg,https://i.ebayimg.com/images/g/dYIAAeSwghlpHbjd/s-l500.webp,https://i.ebayimg.com/images/g/1tIAAOSweM5kSqsu/s-l200.jpg,https://i.ebayimg.com/images/g/0lcAAOSwFuxlhJGO/s-l100.jpg
https://www.ebay.com/itm/227096539994,ebay,Xerox,ebay_Xerox_209,Xerox PrimeLink C9070 copier printer scanner - 70 ppm color  - Only 100K meter | eBay,https://i.ebayimg.com/images/g/2~YAAOSw63VnRyHD/s-l400.jpg,https://i.ebayimg.com/images/g/2~YAAOSw63VnRyHD/s-l1600.webp,https://i.ebayimg.com/images/g/og4AAeSwKNRpDUo-/s-l200.jpg,https://i.ebayimg.com/images/g/5bAAAOSwEbBd1X2O/s-l100.jpg
https://ebay.com/itm/123456,ebay,Xerox,ebay_Xerox_210,We looked everywhere.,http://i.ebayimg.com/00/s/MTUwMFgxMjAw/z/8ScAAOSw-ANlzRIW/$_1.PNG?set_id=2,,,
